-- phpMyAdmin SQL Dump
-- version 4.1.14
-- http://www.phpmyadmin.net
--
-- Host: 127.0.0.1
-- Generation Time: Jul 15, 2017 at 05:38 AM
-- Server version: 5.6.17
-- PHP Version: 5.5.12

SET SQL_MODE = "NO_AUTO_VALUE_ON_ZERO";
SET time_zone = "+00:00";


/*!40101 SET @OLD_CHARACTER_SET_CLIENT=@@CHARACTER_SET_CLIENT */;
/*!40101 SET @OLD_CHARACTER_SET_RESULTS=@@CHARACTER_SET_RESULTS */;
/*!40101 SET @OLD_COLLATION_CONNECTION=@@COLLATION_CONNECTION */;
/*!40101 SET NAMES utf8 */;

--
-- Database: `cste`
--

-- --------------------------------------------------------

--
-- Table structure for table `cste_answers`
--

CREATE TABLE IF NOT EXISTS `cste_answers` (
  `aid` int(11) NOT NULL AUTO_INCREMENT,
  `qid` int(11) NOT NULL,
  `q_option` text NOT NULL,
  `uid` int(11) NOT NULL,
  `score_u` float NOT NULL DEFAULT '0',
  `rid` int(11) NOT NULL,
  PRIMARY KEY (`aid`)
) ENGINE=InnoDB  DEFAULT CHARSET=utf8 AUTO_INCREMENT=306 ;

--
-- Dumping data for table `cste_answers`
--

INSERT INTO `cste_answers` (`aid`, `qid`, `q_option`, `uid`, `score_u`, `rid`) VALUES
(20, 1, '57', 1, 1, 1),
(21, 3, '52', 1, 0.5, 1),
(22, 3, '54', 1, 0.5, 1),
(23, 6, 'Keyboard___CPU', 1, 0.25, 1),
(24, 6, 'Red___Green', 1, 0.25, 1),
(25, 6, 'Good Morning___Good Night', 1, 0.25, 1),
(26, 6, 'Honda___BMW', 1, 0.25, 1),
(27, 7, 'blue', 1, 1, 1),
(53, 7, 'red', 1, 0, 2),
(54, 8, 'India is the great country', 1, 0, 2),
(55, 6, 'Honda___BMW', 1, 0.25, 2),
(56, 6, 'Good Morning___Good Night', 1, 0.25, 2),
(57, 6, 'Keyboard___CPU', 1, 0.25, 2),
(58, 6, 'Red___Green', 1, 0.25, 2),
(59, 1, '57', 1, 1, 2),
(60, 3, '53', 1, 0, 2),
(61, 3, '55', 1, 0, 2),
(130, 1, '57', 1, 1, 3),
(131, 3, '52', 1, 0.5, 3),
(132, 3, '54', 1, 0.5, 3),
(159, 8, 'aaa', 15, 0, 4),
(160, 3, '52', 15, 0.5, 4),
(165, 3, '52', 14, 0.5, 5),
(166, 1578, '94', 14, 1, 5),
(170, 3, '52', 14, 0.5, 7),
(174, 3, '52', 14, 0.5, 8),
(178, 3, '53', 14, 0, 9),
(182, 1578, '94', 14, 1, 10),
(183, 1579, '98', 14, 0, 10),
(187, 1578, '93', 16, 0, 11),
(188, 1579, '97', 16, 1, 11),
(192, 1578, '94', 16, 1, 12),
(193, 1579, '97', 16, 1, 12),
(195, 3, '52', 16, 0.5, 13),
(199, 1578, '93', 16, 0, 14),
(200, 1579, '98', 16, 0, 14),
(204, 1578, '94', 14, 1, 15),
(205, 1579, '98', 14, 0, 15),
(209, 1578, '94', 14, 1, 16),
(210, 1579, '98', 14, 0, 16),
(251, 1585, '124', 26, 1, 20),
(252, 1586, '126', 26, 1, 20),
(253, 1587, '131', 26, 1, 20),
(254, 1588, '133', 26, 1, 20),
(255, 1590, '141', 26, 1, 20),
(256, 1591, '145', 26, 1, 20),
(257, 1592, '150', 26, 1, 20),
(258, 1593, '156', 26, 1, 20),
(264, 1580, '103', 26, 1, 21),
(267, 1594, 'Application Program___Operating System', 26, 0, 22),
(268, 1594, 'Operating System___Operating System', 26, 0.25, 22),
(273, 1594, 'Application Program___Operating System', 26, 0, 23),
(274, 1594, 'Firmware___Operating System', 26, 0, 23),
(275, 1594, 'Operating System___Operating System', 26, 0.25, 23),
(276, 1594, 'Malware___Operating System', 26, 0, 23),
(278, 1595, 'Operating system', 25, 1, 24),
(303, 1585, '124', 25, 1, 25),
(304, 1586, '126', 25, 1, 25),
(305, 1587, '131', 25, 1, 25);

-- --------------------------------------------------------

--
-- Table structure for table `cste_category`
--

CREATE TABLE IF NOT EXISTS `cste_category` (
  `cid` int(11) NOT NULL AUTO_INCREMENT,
  `category_name` varchar(1000) NOT NULL,
  PRIMARY KEY (`cid`)
) ENGINE=InnoDB  DEFAULT CHARSET=utf8 AUTO_INCREMENT=6 ;

--
-- Dumping data for table `cste_category`
--

INSERT INTO `cste_category` (`cid`, `category_name`) VALUES
(1, 'General knowledge'),
(2, 'Math'),
(5, 'IT');

-- --------------------------------------------------------

--
-- Table structure for table `cste_group`
--

CREATE TABLE IF NOT EXISTS `cste_group` (
  `gid` int(11) NOT NULL AUTO_INCREMENT,
  `group_name` varchar(1000) NOT NULL,
  `price` float NOT NULL,
  `valid_for_days` int(11) NOT NULL DEFAULT '0',
  PRIMARY KEY (`gid`)
) ENGINE=InnoDB  DEFAULT CHARSET=utf8 AUTO_INCREMENT=15 ;

--
-- Dumping data for table `cste_group`
--

INSERT INTO `cste_group` (`gid`, `group_name`, `price`, `valid_for_days`) VALUES
(1, 'Free', 0, 0),
(7, 'Admin', 0, 30),
(8, 'Science', 0, 25),
(10, 'Arts', 0, 30),
(11, 'Bangla', 0, 16),
(12, 'Computer', 0, 0),
(13, 'Telecommunication', 0, 0),
(14, 'IT', 0, 0);

-- --------------------------------------------------------

--
-- Table structure for table `cste_level`
--

CREATE TABLE IF NOT EXISTS `cste_level` (
  `lid` int(11) NOT NULL AUTO_INCREMENT,
  `level_name` varchar(1000) NOT NULL,
  PRIMARY KEY (`lid`)
) ENGINE=InnoDB  DEFAULT CHARSET=utf8 AUTO_INCREMENT=5 ;

--
-- Dumping data for table `cste_level`
--

INSERT INTO `cste_level` (`lid`, `level_name`) VALUES
(1, 'Easy'),
(2, 'Difficult'),
(4, 'Very Difficult');

-- --------------------------------------------------------

--
-- Table structure for table `cste_options`
--

CREATE TABLE IF NOT EXISTS `cste_options` (
  `oid` int(11) NOT NULL AUTO_INCREMENT,
  `qid` int(11) NOT NULL,
  `q_option` text NOT NULL,
  `q_option_match` varchar(1000) DEFAULT NULL,
  `score` float NOT NULL DEFAULT '0',
  PRIMARY KEY (`oid`)
) ENGINE=InnoDB  DEFAULT CHARSET=utf8 AUTO_INCREMENT=162 ;

--
-- Dumping data for table `cste_options`
--

INSERT INTO `cste_options` (`oid`, `qid`, `q_option`, `q_option_match`, `score`) VALUES
(46, 6, 'Good Morning', 'Good Night', 0.25),
(47, 6, 'Honda', 'BMW', 0.25),
(48, 6, 'Keyboard', 'CPU', 0.25),
(49, 6, 'Red', 'Green', 0.25),
(51, 7, 'Blue, Sky Blue', NULL, 1),
(52, 3, '4', NULL, 0.5),
(53, 3, '5', NULL, 0),
(54, 3, 'Four', NULL, 0.5),
(55, 3, 'Six', NULL, 0),
(56, 1, 'Patiala', NULL, 0),
(57, 1, 'New Delhi', NULL, 1),
(58, 1, 'Chandigarh', NULL, 0),
(59, 1, 'Mumbai', NULL, 0),
(76, 14, 'A', 'B', 0.25),
(77, 14, 'C', 'D', 0.25),
(78, 14, 'E', 'F', 0.25),
(79, 14, 'G', 'H', 0.25),
(81, 15, 'Washington, Washington D.C', NULL, 1),
(82, 13, '<p>five</p>', NULL, 0),
(83, 13, '<p>40</p>', NULL, 0.5),
(84, 13, '<p>fourty</p>', NULL, 0.5),
(85, 13, '<p>six</p>', NULL, 0),
(86, 12, '<p>five</p>', NULL, 0),
(87, 12, '<p>14</p>', NULL, 1),
(88, 12, '<p>three</p>', NULL, 0),
(89, 12, '<p>six</p>', NULL, 0),
(90, 289, '', NULL, 0),
(91, 289, '', NULL, 0),
(92, 289, '', NULL, 0),
(93, 1578, 'monitor', NULL, 0),
(94, 1578, 'mouse', NULL, 1),
(95, 1578, 'key', NULL, 0),
(96, 1578, 'display', NULL, 0),
(97, 1579, 'ঢাকা', NULL, 1),
(98, 1579, 'ঢাকা', NULL, 0),
(99, 1579, 'ঢাকা', NULL, 0),
(100, 1579, 'ঢাকা', NULL, 0),
(101, 1580, 'কক্সবাজার\r\n\r\n\r\n', NULL, 0),
(102, 1580, 'পঞ্চগড়', NULL, 0),
(103, 1580, 'মেহেরপুর', NULL, 1),
(104, 1580, 'খাগড়াছড়ি', NULL, 0),
(105, 1581, 'মৌলভীবাজার\r\n\r\n\r\n', NULL, 0),
(106, 1581, 'বরিশাল', NULL, 1),
(107, 1581, 'ময়মনসিংহ', NULL, 0),
(108, 1581, 'যশোর', NULL, 0),
(109, 1582, 'জালালাবাদ\r\n\r\n', NULL, 1),
(110, 1582, '\r\nনদীয়া\r\n', NULL, 0),
(111, 1582, 'শ্রীহট্ট\r\n', NULL, 0),
(112, 1582, 'নির্মল', NULL, 0),
(113, 1583, 'আকাশে ফুটে যে কুসুম\r\n', NULL, 0),
(114, 1583, 'তারকা\r\n', NULL, 0),
(115, 1583, 'নীল রং\r\n', NULL, 0),
(116, 1583, ' অবাস্তব', NULL, 1),
(117, 1584, 'ফিালস্তিন\r\n', NULL, 1),
(118, 1584, '\r\nচেচনিয়া\r\n\r\n', NULL, 0),
(119, 1584, 'লেবানন\r\n\r\n', NULL, 0),
(120, 1584, 'ইরাক', NULL, 0),
(121, 1585, '\r\n    World Whole Web\r\n    ', NULL, 0),
(122, 1585, 'Wide World Web\r\n   ', NULL, 0),
(123, 1585, ' Web World Wide\r\n    \r\n', NULL, 0),
(124, 1585, 'World Wide Web', NULL, 1),
(125, 1586, '\r\n    Arithmetic logic unit, Mouse\r\n    ', NULL, 0),
(126, 1586, 'Arithmetic logic unit, Control unit\r\n \r\n    ', NULL, 1),
(127, 1586, 'Control Unit, Monitor', NULL, 0),
(128, 1586, '   Arithmetic logic unit, Integrated Circuits', NULL, 0),
(129, 1587, ' Web server', NULL, 0),
(130, 1587, 'Application server', NULL, 0),
(131, 1587, ' Database server', NULL, 1),
(132, 1587, ' FTP server', NULL, 0),
(133, 1588, '  Uniform Resource Locator', NULL, 1),
(134, 1588, ' Uniform Resource Link', NULL, 0),
(135, 1588, 'Uniform Registered Link', NULL, 0),
(136, 1588, 'Unified Resource Link', NULL, 0),
(137, 1589, 'medium-level programming language\r\n   \r\n    \r\n', NULL, 0),
(138, 1589, ' low-level programming language', NULL, 1),
(139, 1589, 'machine language', NULL, 0),
(140, 1589, 'high-level programming language', NULL, 0),
(141, 1590, '\r\n    Arithmetic logic unit', NULL, 1),
(142, 1590, 'Allowed logic unit', NULL, 0),
(143, 1590, ' Ascii logic unit', NULL, 0),
(144, 1590, 'Arithmetic least unit', NULL, 0),
(145, 1591, 'Ericson', NULL, 1),
(146, 1591, ' Martin Cooper', NULL, 0),
(147, 1591, ' Steve Jobs\r\n   ', NULL, 0),
(148, 1591, ' Apple', NULL, 0),
(149, 1592, '  Chares Babbage', NULL, 0),
(150, 1592, 'Vint Cerf\r\n    ', NULL, 1),
(151, 1592, 'Denis Riche\r\n    ', NULL, 0),
(152, 1592, 'Martin Cooper', NULL, 0),
(153, 1593, ' Access\r\n   \r\n', NULL, 0),
(154, 1593, ' Login\r\n ', NULL, 0),
(155, 1593, '   Logout\r\n    ', NULL, 0),
(156, 1593, 'Authentication', NULL, 1),
(157, 1594, 'Malware', '', 0.25),
(158, 1594, 'Operating System', 'Operating System', 0.25),
(159, 1594, 'Application Program', '', 0.25),
(160, 1594, 'Firmware', '', 0.25),
(161, 1595, ' Operating System ,    Application Program   ,  Firmware', NULL, 1);

-- --------------------------------------------------------

--
-- Table structure for table `cste_payment`
--

CREATE TABLE IF NOT EXISTS `cste_payment` (
  `pid` int(11) NOT NULL AUTO_INCREMENT,
  `uid` int(11) NOT NULL,
  `gid` int(11) NOT NULL,
  `amount` float NOT NULL,
  `paid_date` int(11) NOT NULL,
  `payment_gateway` varchar(100) NOT NULL DEFAULT 'Paypal',
  `payment_status` varchar(100) NOT NULL DEFAULT 'Pending',
  `transaction_id` varchar(1000) NOT NULL,
  PRIMARY KEY (`pid`)
) ENGINE=InnoDB DEFAULT CHARSET=utf8 AUTO_INCREMENT=1 ;

-- --------------------------------------------------------

--
-- Table structure for table `cste_qbank`
--

CREATE TABLE IF NOT EXISTS `cste_qbank` (
  `qid` int(11) NOT NULL AUTO_INCREMENT,
  `question_type` varchar(100) NOT NULL DEFAULT 'Multiple Choice Single Answer',
  `question` text NOT NULL,
  `description` text NOT NULL,
  `cid` int(11) NOT NULL,
  `lid` int(11) NOT NULL,
  `no_time_served` int(11) NOT NULL DEFAULT '0',
  `no_time_corrected` int(11) NOT NULL DEFAULT '0',
  `no_time_incorrected` int(11) NOT NULL DEFAULT '0',
  `no_time_unattempted` int(11) NOT NULL DEFAULT '0',
  PRIMARY KEY (`qid`)
) ENGINE=InnoDB  DEFAULT CHARSET=utf8 AUTO_INCREMENT=1596 ;

--
-- Dumping data for table `cste_qbank`
--

INSERT INTO `cste_qbank` (`qid`, `question_type`, `question`, `description`, `cid`, `lid`, `no_time_served`, `no_time_corrected`, `no_time_incorrected`, `no_time_unattempted`) VALUES
(1, 'Multiple Choice Single Answer', 'What is the capital of INDIA?', 'New Delhi', 3, 1, 3, 3, 0, 0),
(3, 'Multiple Choice Multiple Answer', 'What is 2+2=?', '4', 2, 1, 9, 2, 7, 0),
(6, 'Match the Column', 'Match the Following', '', 1, 1, 4, 2, 0, 2),
(7, 'Short Answer', 'What is the color of sky?', '', 1, 1, 4, 1, 1, 2),
(8, 'Long Answer', 'Write an essay on INDIA. (250 words )', '', 1, 1, 2, 0, 0, 0),
(12, 'Multiple Choice Single Answer', '<p>What is 12+2 = ?</p>', '<p>Here is description or explanation</p>', 1, 2, 0, 0, 0, 0),
(13, 'Multiple Choice Multiple Answer', '<p>What is 32+8 = ?&nbsp;</p>', '<p>Here is description or explanation</p>', 1, 2, 0, 0, 0, 0),
(14, 'Match the Column', 'Match the column', 'Here is description or explanation', 1, 2, 0, 0, 0, 0),
(15, 'Short Answer', '<p>What is the capital of USA</p>', '<p>Here is description or explanation</p>', 1, 2, 5, 0, 0, 5),
(16, 'Long Answer', 'Write about Globalization in 250 words', 'Here is description or explanation', 5, 2, 0, 0, 0, 0),
(17, 'Multiple Choice Single Answer', '', '', 0, 0, 0, 0, 0, 0),
(18, 'Multiple Choice Single Answer', '', '', 0, 0, 0, 0, 0, 0),
(19, 'Multiple Choice Single Answer', '', '', 0, 0, 0, 0, 0, 0),
(20, 'Multiple Choice Single Answer', '', '', 0, 0, 0, 0, 0, 0),
(21, 'Multiple Choice Single Answer', '', '', 0, 0, 0, 0, 0, 0),
(22, 'Multiple Choice Single Answer', '', '', 0, 0, 0, 0, 0, 0),
(23, 'Multiple Choice Single Answer', '', '', 0, 0, 0, 0, 0, 0),
(24, 'Multiple Choice Single Answer', '', '', 0, 0, 0, 0, 0, 0),
(25, 'Multiple Choice Single Answer', '', '', 0, 0, 0, 0, 0, 0),
(26, 'Multiple Choice Single Answer', '', '', 0, 0, 0, 0, 0, 0),
(27, 'Multiple Choice Single Answer', '', '', 0, 0, 0, 0, 0, 0),
(28, 'Multiple Choice Single Answer', '', '', 0, 0, 0, 0, 0, 0),
(29, 'Multiple Choice Single Answer', '', '', 0, 0, 0, 0, 0, 0),
(30, 'Multiple Choice Single Answer', '', '', 0, 0, 0, 0, 0, 0),
(31, 'Multiple Choice Single Answer', '', '', 0, 0, 0, 0, 0, 0),
(32, 'Multiple Choice Single Answer', 'g', '', 0, 0, 0, 0, 0, 0),
(33, 'Multiple Choice Single Answer', '=Wh', '', 0, 0, 0, 0, 0, 0),
(34, 'Multiple Choice Single Answer', '', '', 0, 0, 0, 0, 0, 0),
(35, 'Multiple Choice Single Answer', '', '', 0, 0, 0, 0, 0, 0),
(36, 'Multiple Choice Single Answer', '', '', 0, 0, 0, 0, 0, 0),
(37, 'Multiple Choice Single Answer', '', '', 0, 0, 0, 0, 0, 0),
(38, 'Multiple Choice Single Answer', '', '', 0, 0, 0, 0, 0, 0),
(39, 'Multiple Choice Single Answer', '', '', 0, 0, 0, 0, 0, 0),
(40, 'Multiple Choice Single Answer', '', '', 0, 0, 0, 0, 0, 0),
(41, 'Multiple Choice Single Answer', '2', '', 0, 0, 0, 0, 0, 0),
(42, 'Multiple Choice Single Answer', '', '', 0, 0, 0, 0, 0, 0),
(43, 'Multiple Choice Single Answer', '', '', 0, 0, 0, 0, 0, 0),
(44, 'Multiple Choice Single Answer', '', '', 0, 0, 0, 0, 0, 0),
(45, 'Multiple Choice Single Answer', '', 'J', 0, 0, 0, 0, 0, 0),
(46, 'Multiple Choice Single Answer', '', '', 0, 0, 0, 0, 0, 0),
(47, 'Multiple Choice Single Answer', '', '', 0, 0, 0, 0, 0, 0),
(48, 'Multiple Choice Single Answer', '', '', 0, 0, 0, 0, 0, 0),
(49, 'Multiple Choice Single Answer', '', '', 0, 0, 0, 0, 0, 0),
(50, 'Multiple Choice Single Answer', '', '', 0, 0, 0, 0, 0, 0),
(51, 'Multiple Choice Single Answer', 'Y', '', 0, 0, 0, 0, 0, 0),
(52, 'Multiple Choice Single Answer', 'D', '', 0, 0, 0, 0, 0, 0),
(53, 'Multiple Choice Single Answer', '', '', 0, 0, 0, 0, 0, 0),
(54, 'Multiple Choice Single Answer', '', '', 0, 0, 0, 0, 0, 0),
(55, 'Multiple Choice Single Answer', '', '', 0, 0, 0, 0, 0, 0),
(56, 'Multiple Choice Single Answer', '', '', 0, 0, 0, 0, 0, 0),
(57, 'Multiple Choice Single Answer', '', '', 0, 0, 0, 0, 0, 0),
(58, 'Multiple Choice Single Answer', '', '', 0, 0, 0, 0, 0, 0),
(59, 'Multiple Choice Single Answer', '', '', 0, 0, 0, 0, 0, 0),
(60, 'Multiple Choice Single Answer', '', '', 0, 0, 0, 0, 0, 0),
(61, 'Multiple Choice Single Answer', '', '', 0, 0, 0, 0, 0, 0),
(62, 'Multiple Choice Single Answer', '', '', 0, 0, 0, 0, 0, 0),
(63, 'Multiple Choice Single Answer', 'Lx', '', 0, 0, 0, 0, 0, 0),
(64, 'Multiple Choice Single Answer', '', '', 0, 0, 0, 0, 0, 0),
(65, 'Multiple Choice Single Answer', '', '', 0, 0, 0, 0, 0, 0),
(66, 'Multiple Choice Single Answer', ',Z', '', 0, 0, 0, 0, 0, 0),
(67, 'Multiple Choice Single Answer', '', '', 0, 0, 0, 0, 0, 0),
(68, 'Multiple Choice Single Answer', '', 'c', 0, 0, 0, 0, 0, 0),
(69, 'Multiple Choice Single Answer', '', '', 0, 0, 0, 0, 0, 0),
(70, 'Multiple Choice Single Answer', '', '', 0, 0, 0, 0, 0, 0),
(71, 'Multiple Choice Single Answer', '|F', '', 0, 0, 0, 0, 0, 0),
(72, 'Multiple Choice Single Answer', '', '', 0, 0, 0, 0, 0, 0),
(73, 'Multiple Choice Single Answer', '', '', 0, 0, 0, 0, 0, 0),
(74, 'Multiple Choice Single Answer', '', '', 0, 0, 0, 0, 0, 0),
(75, 'Multiple Choice Single Answer', '', '', 0, 0, 0, 0, 0, 0),
(76, 'Multiple Choice Single Answer', '', '0֞', 0, 0, 0, 0, 0, 0),
(77, 'Multiple Choice Single Answer', '', '', 0, 0, 0, 0, 0, 0),
(78, 'Multiple Choice Single Answer', '', '', 0, 0, 0, 0, 0, 0),
(79, 'Multiple Choice Single Answer', '', '', 0, 0, 0, 0, 0, 0),
(80, 'Multiple Choice Single Answer', '', '', 0, 0, 0, 0, 0, 0),
(81, 'Multiple Choice Single Answer', '', '', 0, 0, 0, 0, 0, 0),
(82, 'Multiple Choice Single Answer', '', '', 0, 0, 0, 0, 0, 0),
(83, 'Multiple Choice Single Answer', '', '', 0, 0, 0, 0, 0, 0),
(84, 'Multiple Choice Single Answer', '', '', 0, 0, 0, 0, 0, 0),
(85, 'Multiple Choice Single Answer', '', '', 0, 0, 0, 0, 0, 0),
(86, 'Multiple Choice Single Answer', '', '', 0, 0, 0, 0, 0, 0),
(87, 'Multiple Choice Single Answer', '', '', 0, 0, 0, 0, 0, 0),
(88, 'Multiple Choice Single Answer', '', '', 0, 0, 0, 0, 0, 0),
(89, 'Multiple Choice Single Answer', '<{', '', 0, 0, 0, 0, 0, 0),
(90, 'Multiple Choice Single Answer', '', '', 0, 0, 0, 0, 0, 0),
(91, 'Multiple Choice Single Answer', '', '', 0, 0, 0, 0, 0, 0),
(92, 'Multiple Choice Single Answer', '', ';HOL', 0, 0, 0, 0, 0, 0),
(93, 'Multiple Choice Single Answer', '', '', 0, 0, 0, 0, 0, 0),
(94, 'Multiple Choice Single Answer', '', '', 0, 0, 0, 0, 0, 0),
(95, 'Multiple Choice Single Answer', '', '', 0, 0, 0, 0, 0, 0),
(96, 'Multiple Choice Single Answer', '', '', 0, 0, 0, 0, 0, 0),
(97, 'Multiple Choice Single Answer', '', '', 0, 0, 0, 0, 0, 0),
(98, 'Multiple Choice Single Answer', 'oh', '', 0, 0, 0, 0, 0, 0),
(99, 'Multiple Choice Single Answer', '', '', 0, 0, 0, 0, 0, 0),
(100, 'Multiple Choice Single Answer', '', '', 0, 0, 0, 0, 0, 0),
(101, 'Multiple Choice Single Answer', '', '', 0, 0, 0, 0, 0, 0),
(102, 'Multiple Choice Single Answer', '', '', 0, 0, 0, 0, 0, 0),
(103, 'Multiple Choice Single Answer', '', '', 0, 0, 0, 0, 0, 0),
(104, 'Multiple Choice Single Answer', '', '/weA', 0, 0, 0, 0, 0, 0),
(105, 'Multiple Choice Single Answer', '', '', 0, 0, 0, 0, 0, 0),
(106, 'Multiple Choice Single Answer', '?', '', 0, 0, 0, 0, 0, 0),
(107, 'Multiple Choice Single Answer', '', '', 0, 0, 0, 0, 0, 0),
(108, 'Multiple Choice Single Answer', '', '', 0, 0, 0, 0, 0, 0),
(109, 'Multiple Choice Single Answer', '', '', 0, 0, 0, 0, 0, 0),
(110, 'Multiple Choice Single Answer', 'U', '', 0, 0, 0, 0, 0, 0),
(111, 'Multiple Choice Single Answer', '', '', 0, 0, 0, 0, 0, 0),
(112, 'Multiple Choice Single Answer', '', '', 0, 0, 0, 0, 0, 0),
(113, 'Multiple Choice Single Answer', '', '5', 0, 0, 0, 0, 0, 0),
(114, 'Multiple Choice Single Answer', '', '', 0, 0, 0, 0, 0, 0),
(115, 'Multiple Choice Single Answer', '', '', 0, 0, 0, 0, 0, 0),
(116, 'Multiple Choice Single Answer', '', '', 0, 0, 0, 0, 0, 0),
(117, 'Multiple Choice Single Answer', 'w', '', 0, 0, 0, 0, 0, 0),
(118, 'Multiple Choice Single Answer', ')ǭ%N', '', 0, 0, 0, 0, 0, 0),
(119, 'Multiple Choice Single Answer', '', '', 0, 0, 0, 0, 0, 0),
(120, 'Multiple Choice Single Answer', '', '', 0, 0, 0, 0, 0, 0),
(121, 'Multiple Choice Single Answer', '=', '', 0, 0, 0, 0, 0, 0),
(122, 'Multiple Choice Single Answer', '', '', 0, 0, 0, 0, 0, 0),
(123, 'Multiple Choice Single Answer', '', 'Ӆ', 0, 0, 0, 0, 0, 0),
(124, 'Multiple Choice Single Answer', '', '', 0, 0, 0, 0, 0, 0),
(125, 'Multiple Choice Single Answer', '37ݙ', '$', 0, 0, 0, 0, 0, 0),
(126, 'Multiple Choice Single Answer', '', '', 0, 0, 0, 0, 0, 0),
(127, 'Multiple Choice Single Answer', ':묣', '', 0, 0, 0, 0, 0, 0),
(128, 'Multiple Choice Single Answer', '', '', 0, 0, 0, 0, 0, 0),
(129, 'Multiple Choice Single Answer', '', '', 0, 0, 0, 0, 0, 0),
(130, 'Multiple Choice Single Answer', '', '9L', 0, 0, 0, 0, 0, 0),
(131, 'Multiple Choice Single Answer', '', '', 0, 0, 0, 0, 0, 0),
(132, 'Multiple Choice Single Answer', '', '', 0, 0, 0, 0, 0, 0),
(133, 'Multiple Choice Single Answer', '', '', 0, 0, 0, 0, 0, 0),
(134, 'Multiple Choice Single Answer', '', '', 0, 0, 0, 0, 0, 0),
(135, 'Multiple Choice Single Answer', '', '', 0, 0, 0, 0, 0, 0),
(136, 'Multiple Choice Single Answer', '', '', 0, 0, 0, 0, 0, 0),
(137, 'Multiple Choice Single Answer', '', 's', 0, 0, 0, 0, 0, 0),
(138, 'Multiple Choice Single Answer', '|rፚ', '', 0, 0, 0, 0, 0, 0),
(139, 'Multiple Choice Single Answer', '', '', 0, 0, 0, 0, 0, 0),
(140, 'Multiple Choice Single Answer', '0', '', 0, 0, 0, 0, 0, 0),
(141, 'Multiple Choice Single Answer', '', '', 0, 0, 0, 0, 0, 0),
(142, 'Multiple Choice Single Answer', '', '', 0, 0, 0, 0, 0, 0),
(143, 'Multiple Choice Single Answer', '', '', 0, 0, 0, 0, 0, 0),
(144, 'Multiple Choice Single Answer', 'B', '', 0, 0, 0, 0, 0, 0),
(145, 'Multiple Choice Single Answer', '', '', 0, 0, 0, 0, 0, 0),
(146, 'Multiple Choice Single Answer', '', '', 0, 0, 0, 0, 0, 0),
(147, 'Multiple Choice Single Answer', 'O=', 'Xx', 0, 0, 0, 0, 0, 0),
(148, 'Multiple Choice Single Answer', '', '', 0, 0, 0, 0, 0, 0),
(149, 'Multiple Choice Single Answer', '', '', 0, 0, 0, 0, 0, 0),
(150, 'Multiple Choice Single Answer', '', '', 0, 0, 0, 0, 0, 0),
(151, 'Multiple Choice Single Answer', '', '', 0, 0, 0, 0, 0, 0),
(152, 'Multiple Choice Single Answer', '', '', 0, 0, 0, 0, 0, 0),
(153, 'Multiple Choice Single Answer', 'l-', '', 0, 0, 0, 0, 0, 0),
(154, 'Multiple Choice Single Answer', '', '', 0, 0, 0, 0, 0, 0),
(155, 'Multiple Choice Single Answer', '', 'pv$/浙F>pAd', 0, 0, 0, 0, 0, 0),
(156, 'Multiple Choice Single Answer', '', '', 0, 0, 0, 0, 0, 0),
(157, 'Multiple Choice Single Answer', '', '', 0, 0, 0, 0, 0, 0),
(158, 'Multiple Choice Single Answer', '/', '', 0, 0, 0, 0, 0, 0),
(159, 'Multiple Choice Single Answer', '', '', 0, 0, 0, 0, 0, 0),
(160, 'Multiple Choice Single Answer', 'm', '', 0, 0, 0, 0, 0, 0),
(161, 'Multiple Choice Single Answer', '', '', 0, 0, 0, 0, 0, 0),
(162, 'Multiple Choice Single Answer', 'W', 'C*', 0, 0, 0, 0, 0, 0),
(163, 'Multiple Choice Single Answer', '', '', 0, 0, 0, 0, 0, 0),
(164, 'Multiple Choice Single Answer', '', '', 0, 0, 0, 0, 0, 0),
(165, 'Multiple Choice Single Answer', '6', '', 0, 0, 0, 0, 0, 0),
(166, 'Multiple Choice Single Answer', '', '', 0, 0, 0, 0, 0, 0),
(167, 'Multiple Choice Single Answer', '', '', 0, 0, 0, 0, 0, 0),
(168, 'Multiple Choice Single Answer', '', '', 0, 0, 0, 0, 0, 0),
(169, 'Multiple Choice Single Answer', '', '', 0, 0, 0, 0, 0, 0),
(170, 'Multiple Choice Single Answer', '', 'O>_]', 0, 0, 0, 0, 0, 0),
(171, 'Multiple Choice Single Answer', '', '', 0, 0, 0, 0, 0, 0),
(172, 'Multiple Choice Single Answer', '', '', 0, 0, 0, 0, 0, 0),
(173, 'Multiple Choice Single Answer', '', '', 0, 0, 0, 0, 0, 0),
(174, 'Multiple Choice Single Answer', '*z', '', 0, 0, 0, 0, 0, 0),
(175, 'Multiple Choice Single Answer', '', '', 0, 0, 0, 0, 0, 0),
(176, 'Multiple Choice Single Answer', '', '', 0, 0, 0, 0, 0, 0),
(177, 'Multiple Choice Single Answer', '', 'j', 0, 0, 0, 0, 0, 0),
(178, 'Multiple Choice Single Answer', '靹', 'g', 0, 0, 0, 0, 0, 0),
(179, 'Multiple Choice Single Answer', '', '', 0, 0, 0, 0, 0, 0),
(180, 'Multiple Choice Single Answer', '', '', 0, 0, 0, 0, 0, 0),
(181, 'Multiple Choice Single Answer', '/', '', 0, 0, 0, 0, 0, 0),
(182, 'Multiple Choice Single Answer', '', '', 0, 0, 0, 0, 0, 0),
(183, 'Multiple Choice Single Answer', '/', '', 0, 0, 0, 0, 0, 0),
(184, 'Multiple Choice Single Answer', 'z(', 'n', 0, 0, 0, 0, 0, 0),
(185, 'Multiple Choice Single Answer', '', '', 0, 0, 0, 0, 0, 0),
(186, 'Multiple Choice Single Answer', '', '', 0, 0, 0, 0, 0, 0),
(187, 'Multiple Choice Single Answer', '', 'Lz', 0, 0, 0, 0, 0, 0),
(188, 'Multiple Choice Single Answer', '', '', 0, 0, 0, 0, 0, 0),
(189, 'Multiple Choice Single Answer', '', '', 0, 0, 0, 0, 0, 0),
(190, 'Multiple Choice Single Answer', '', '', 0, 0, 0, 0, 0, 0),
(191, 'Multiple Choice Single Answer', '', '', 0, 0, 0, 0, 0, 0),
(192, 'Multiple Choice Single Answer', '', '', 0, 0, 0, 0, 0, 0),
(193, 'Multiple Choice Single Answer', '', '', 0, 0, 0, 0, 0, 0),
(194, 'Multiple Choice Single Answer', '', '', 0, 0, 0, 0, 0, 0),
(195, 'Multiple Choice Single Answer', 'f', '', 0, 0, 0, 0, 0, 0),
(196, 'Multiple Choice Single Answer', '', '', 0, 0, 0, 0, 0, 0),
(197, 'Multiple Choice Single Answer', '', '', 0, 0, 0, 0, 0, 0),
(198, 'Multiple Choice Single Answer', '', '', 0, 0, 0, 0, 0, 0),
(199, 'Multiple Choice Single Answer', '', '!', 0, 0, 0, 0, 0, 0),
(200, 'Multiple Choice Single Answer', '', '', 0, 0, 0, 0, 0, 0),
(201, 'Multiple Choice Single Answer', '', '', 0, 0, 0, 0, 0, 0),
(202, 'Multiple Choice Single Answer', '', '', 0, 0, 0, 0, 0, 0),
(203, 'Multiple Choice Single Answer', '', '', 0, 0, 0, 0, 0, 0),
(204, 'Multiple Choice Single Answer', '', '', 0, 0, 0, 0, 0, 0),
(205, 'Multiple Choice Single Answer', '', '', 0, 0, 0, 0, 0, 0),
(206, 'Multiple Choice Single Answer', '', '', 0, 0, 0, 0, 0, 0),
(207, 'Multiple Choice Single Answer', '', '{', 0, 0, 0, 0, 0, 0),
(208, 'Multiple Choice Single Answer', '', '', 0, 0, 0, 0, 0, 0),
(209, 'Multiple Choice Single Answer', '', '', 0, 0, 0, 0, 0, 0),
(210, 'Multiple Choice Single Answer', '', '', 0, 0, 0, 0, 0, 0),
(211, 'Multiple Choice Single Answer', ')', '', 0, 0, 0, 0, 0, 0),
(212, 'Multiple Choice Single Answer', '', '', 0, 0, 0, 0, 0, 0),
(213, 'Multiple Choice Single Answer', '', '', 0, 0, 0, 0, 0, 0),
(214, 'Multiple Choice Single Answer', '#', '', 0, 0, 0, 0, 0, 0),
(215, 'Multiple Choice Single Answer', '', '', 0, 0, 0, 0, 0, 0),
(216, 'Multiple Choice Single Answer', '', '', 0, 0, 0, 0, 0, 0),
(217, 'Multiple Choice Single Answer', '(', 'zM(', 0, 0, 0, 0, 0, 0),
(218, 'Multiple Choice Single Answer', '', '', 0, 0, 0, 0, 0, 0),
(219, 'Multiple Choice Single Answer', '', '', 0, 0, 0, 0, 0, 0),
(220, 'Multiple Choice Single Answer', '', '', 0, 0, 0, 0, 0, 0),
(221, 'Multiple Choice Single Answer', '>BY', '', 0, 0, 0, 0, 0, 0),
(222, 'Multiple Choice Single Answer', '', '', 0, 0, 0, 0, 0, 0),
(223, 'Multiple Choice Single Answer', '', '', 0, 0, 0, 0, 0, 0),
(224, 'Multiple Choice Single Answer', '', '', 0, 0, 0, 0, 0, 0),
(225, 'Multiple Choice Single Answer', '', '', 0, 0, 0, 0, 0, 0),
(226, 'Multiple Choice Single Answer', '', '', 0, 0, 0, 0, 0, 0),
(227, 'Multiple Choice Single Answer', '', '', 0, 0, 0, 0, 0, 0),
(228, 'Multiple Choice Single Answer', '', '', 0, 0, 0, 0, 0, 0),
(229, 'Multiple Choice Single Answer', '', 'Q', 0, 0, 0, 0, 0, 0),
(230, 'Multiple Choice Single Answer', '', '', 0, 0, 0, 0, 0, 0),
(231, 'Multiple Choice Single Answer', '', '', 0, 0, 0, 0, 0, 0),
(232, 'Multiple Choice Single Answer', '', '', 0, 0, 0, 0, 0, 0),
(233, 'Multiple Choice Single Answer', '', '', 0, 0, 0, 0, 0, 0),
(234, 'Multiple Choice Single Answer', '', '', 0, 0, 0, 0, 0, 0),
(235, 'Multiple Choice Single Answer', 'ҋ', '', 0, 0, 0, 0, 0, 0),
(236, 'Multiple Choice Single Answer', '', '', 0, 0, 0, 0, 0, 0),
(237, 'Multiple Choice Single Answer', '', '', 0, 0, 0, 0, 0, 0),
(238, 'Multiple Choice Single Answer', '', '', 0, 0, 0, 0, 0, 0),
(239, 'Multiple Choice Single Answer', '', '', 0, 0, 0, 0, 0, 0),
(240, 'Multiple Choice Single Answer', '\\n8', '', 0, 0, 0, 0, 0, 0),
(241, 'Multiple Choice Single Answer', '', '', 0, 0, 0, 0, 0, 0),
(242, 'Multiple Choice Single Answer', '', '', 0, 0, 0, 0, 0, 0),
(243, 'Multiple Choice Single Answer', '', '', 0, 0, 0, 0, 0, 0),
(244, 'Multiple Choice Single Answer', '', '', 0, 0, 0, 0, 0, 0),
(245, 'Multiple Choice Single Answer', '', '', 0, 0, 0, 0, 0, 0),
(246, 'Multiple Choice Single Answer', '', '', 0, 0, 0, 0, 0, 0),
(247, 'Multiple Choice Single Answer', '', '', 0, 0, 0, 0, 0, 0),
(248, 'Multiple Choice Single Answer', '', '', 0, 0, 0, 0, 0, 0),
(249, 'Multiple Choice Single Answer', '', '', 0, 0, 0, 0, 0, 0),
(250, 'Multiple Choice Single Answer', '', '', 0, 0, 0, 0, 0, 0),
(251, 'Multiple Choice Single Answer', '', '', 0, 0, 0, 0, 0, 0),
(252, 'Multiple Choice Single Answer', '', 'P', 0, 0, 0, 0, 0, 0),
(253, 'Multiple Choice Single Answer', '', '', 0, 0, 0, 0, 0, 0),
(254, 'Multiple Choice Single Answer', '', '', 0, 0, 0, 0, 0, 0),
(255, 'Multiple Choice Single Answer', '', '', 0, 0, 0, 0, 0, 0),
(256, 'Multiple Choice Single Answer', '', '', 0, 0, 0, 0, 0, 0),
(257, 'Multiple Choice Single Answer', '', '', 0, 0, 0, 0, 0, 0),
(258, 'Multiple Choice Single Answer', '', '', 0, 0, 0, 0, 0, 0),
(259, 'Multiple Choice Single Answer', '', '', 0, 0, 0, 0, 0, 0),
(260, 'Multiple Choice Single Answer', '', '', 0, 0, 0, 0, 0, 0),
(261, 'Multiple Choice Single Answer', '', '', 0, 0, 0, 0, 0, 0),
(262, 'Multiple Choice Single Answer', '', 'E', 0, 0, 0, 0, 0, 0),
(263, 'Multiple Choice Single Answer', '', 'M', 0, 0, 0, 0, 0, 0),
(264, 'Multiple Choice Single Answer', '', '9', 0, 0, 0, 0, 0, 0),
(265, 'Multiple Choice Single Answer', '', '', 0, 0, 0, 0, 0, 0),
(266, 'Multiple Choice Single Answer', '', '\ZN', 0, 0, 0, 0, 0, 0),
(267, 'Multiple Choice Single Answer', '', '', 0, 0, 0, 0, 0, 0),
(268, 'Multiple Choice Single Answer', '橑m	', '', 0, 0, 0, 0, 0, 0),
(269, 'Multiple Choice Single Answer', '', '', 0, 0, 0, 0, 0, 0),
(270, 'Multiple Choice Single Answer', '', '', 0, 0, 0, 0, 0, 0),
(271, 'Multiple Choice Single Answer', '', '', 0, 0, 0, 0, 0, 0),
(272, 'Multiple Choice Single Answer', '', '', 0, 0, 0, 0, 0, 0),
(273, 'Multiple Choice Single Answer', '', '', 0, 0, 0, 0, 0, 0),
(274, 'Multiple Choice Single Answer', 'vy', '', 0, 0, 0, 0, 0, 0),
(275, 'Multiple Choice Single Answer', '', '', 0, 0, 0, 0, 0, 0),
(276, 'Multiple Choice Single Answer', 'Z2', 'FCu', 0, 0, 0, 0, 0, 0),
(277, 'Multiple Choice Single Answer', 'z', '`', 0, 0, 0, 0, 0, 0),
(278, 'Multiple Choice Single Answer', '', '', 0, 0, 0, 0, 0, 0),
(279, 'Multiple Choice Single Answer', '1', 'wҌ', 0, 0, 0, 0, 0, 0),
(280, 'Multiple Choice Single Answer', '', '', 0, 0, 0, 0, 0, 0),
(281, 'Multiple Choice Single Answer', '', '', 0, 0, 0, 0, 0, 0),
(282, 'Multiple Choice Single Answer', '', 'fٮ', 0, 0, 0, 0, 0, 0),
(283, 'Multiple Choice Single Answer', '', '', 0, 0, 0, 0, 0, 0),
(284, 'Multiple Choice Single Answer', '', '', 0, 0, 0, 0, 0, 0),
(285, 'Multiple Choice Single Answer', '', '', 0, 0, 0, 0, 0, 0),
(286, 'Multiple Choice Single Answer', '', '', 0, 0, 0, 0, 0, 0),
(287, 'Multiple Choice Single Answer', '', '&A', 0, 0, 0, 0, 0, 0),
(288, 'Multiple Choice Single Answer', '', '', 0, 0, 0, 0, 0, 0),
(289, 'Multiple Choice Single Answer', ')', '}', 0, 0, 0, 0, 0, 0),
(290, 'Multiple Choice Single Answer', '', '', 0, 0, 0, 0, 0, 0),
(291, 'Multiple Choice Single Answer', '', '', 0, 0, 0, 0, 0, 0),
(292, 'Multiple Choice Single Answer', '', '', 0, 0, 0, 0, 0, 0),
(293, 'Multiple Choice Single Answer', '', '', 0, 0, 0, 0, 0, 0),
(294, 'Multiple Choice Single Answer', '', '', 0, 0, 0, 0, 0, 0),
(295, 'Multiple Choice Single Answer', '', '', 0, 0, 0, 0, 0, 0),
(296, 'Multiple Choice Single Answer', '', '', 0, 0, 0, 0, 0, 0),
(297, 'Multiple Choice Single Answer', '', '', 0, 0, 0, 0, 0, 0),
(298, 'Multiple Choice Single Answer', 'T', 'b', 0, 0, 0, 0, 0, 0),
(299, 'Multiple Choice Single Answer', 'r', '', 0, 0, 0, 0, 0, 0),
(300, 'Multiple Choice Single Answer', '', '', 0, 0, 0, 0, 0, 0),
(301, 'Multiple Choice Single Answer', '', 'V', 0, 0, 0, 0, 0, 0),
(302, 'Multiple Choice Single Answer', '>m', 'ԪP', 0, 0, 0, 0, 0, 0),
(303, 'Multiple Choice Single Answer', 'iť', '', 0, 0, 0, 0, 0, 0),
(304, 'Multiple Choice Single Answer', '', '', 0, 0, 0, 0, 0, 0),
(305, 'Multiple Choice Single Answer', '', '', 0, 0, 0, 0, 0, 0),
(306, 'Multiple Choice Single Answer', '', '', 0, 0, 0, 0, 0, 0),
(307, 'Multiple Choice Single Answer', '', '', 0, 0, 0, 0, 0, 0),
(308, 'Multiple Choice Single Answer', '', '', 0, 0, 0, 0, 0, 0),
(309, 'Multiple Choice Single Answer', '	', '', 0, 0, 0, 0, 0, 0),
(310, 'Multiple Choice Single Answer', '', '', 0, 0, 0, 0, 0, 0),
(311, 'Multiple Choice Single Answer', '', '8A', 0, 0, 0, 0, 0, 0),
(312, 'Multiple Choice Single Answer', '', '', 0, 0, 0, 0, 0, 0),
(313, 'Multiple Choice Single Answer', '', '', 0, 0, 0, 0, 0, 0),
(314, 'Multiple Choice Single Answer', '', '', 0, 0, 0, 0, 0, 0),
(315, 'Multiple Choice Single Answer', '_B', '', 0, 0, 0, 0, 0, 0),
(316, 'Multiple Choice Single Answer', '', 'L', 0, 0, 0, 0, 0, 0),
(317, 'Multiple Choice Single Answer', '', '', 0, 0, 0, 0, 0, 0),
(318, 'Multiple Choice Single Answer', '', '', 0, 0, 0, 0, 0, 0),
(319, 'Multiple Choice Single Answer', '', '', 0, 0, 0, 0, 0, 0),
(320, 'Multiple Choice Single Answer', '', '', 0, 0, 0, 0, 0, 0),
(321, 'Multiple Choice Single Answer', '', '', 0, 0, 0, 0, 0, 0),
(322, 'Multiple Choice Single Answer', '', '', 0, 0, 0, 0, 0, 0),
(323, 'Multiple Choice Single Answer', '', '', 0, 0, 0, 0, 0, 0),
(324, 'Multiple Choice Single Answer', '4', '', 0, 0, 0, 0, 0, 0),
(325, 'Multiple Choice Single Answer', '', '', 0, 0, 0, 0, 0, 0),
(326, 'Multiple Choice Single Answer', '|@¸[', '', 0, 0, 0, 0, 0, 0),
(327, 'Multiple Choice Single Answer', '', '', 0, 0, 0, 0, 0, 0),
(328, 'Multiple Choice Single Answer', '', '', 0, 0, 0, 0, 0, 0),
(329, 'Multiple Choice Single Answer', '', '', 0, 0, 0, 0, 0, 0),
(330, 'Multiple Choice Single Answer', '', '`g`<', 0, 0, 0, 0, 0, 0),
(331, 'Multiple Choice Single Answer', '', '', 0, 0, 0, 0, 0, 0),
(332, 'Multiple Choice Single Answer', '', '\r>6L', 0, 0, 0, 0, 0, 0),
(333, 'Multiple Choice Single Answer', '1_', 'K', 0, 0, 0, 0, 0, 0),
(334, 'Multiple Choice Single Answer', '.', '', 0, 0, 0, 0, 0, 0),
(335, 'Multiple Choice Single Answer', 'kiki6', '', 0, 0, 0, 0, 0, 0),
(336, 'Multiple Choice Single Answer', '', ':', 0, 0, 0, 0, 0, 0),
(337, 'Multiple Choice Single Answer', '', '', 0, 0, 0, 0, 0, 0),
(338, 'Multiple Choice Single Answer', '^}', '', 0, 0, 0, 0, 0, 0),
(339, 'Multiple Choice Single Answer', '', '', 0, 0, 0, 0, 0, 0),
(340, 'Multiple Choice Single Answer', '', '', 0, 0, 0, 0, 0, 0),
(341, 'Multiple Choice Single Answer', '', '', 0, 0, 0, 0, 0, 0),
(342, 'Multiple Choice Single Answer', '', '', 0, 0, 0, 0, 0, 0),
(343, 'Multiple Choice Single Answer', '', '', 0, 0, 0, 0, 0, 0),
(344, 'Multiple Choice Single Answer', '', '', 0, 0, 0, 0, 0, 0),
(345, 'Multiple Choice Single Answer', '', '', 0, 0, 0, 0, 0, 0),
(346, 'Multiple Choice Single Answer', '', '', 0, 0, 0, 0, 0, 0),
(347, 'Multiple Choice Single Answer', '', '', 0, 0, 0, 0, 0, 0),
(348, 'Multiple Choice Single Answer', '', '', 0, 0, 0, 0, 0, 0),
(349, 'Multiple Choice Single Answer', ')', '', 0, 0, 0, 0, 0, 0),
(350, 'Multiple Choice Single Answer', '', '', 0, 0, 0, 0, 0, 0),
(351, 'Multiple Choice Single Answer', '', '', 0, 0, 0, 0, 0, 0),
(352, 'Multiple Choice Single Answer', '', '', 0, 0, 0, 0, 0, 0),
(353, 'Multiple Choice Single Answer', '', '', 0, 0, 0, 0, 0, 0),
(354, 'Multiple Choice Single Answer', '', '', 0, 0, 0, 0, 0, 0),
(355, 'Multiple Choice Single Answer', '', '', 0, 0, 0, 0, 0, 0),
(356, 'Multiple Choice Single Answer', '^', '', 0, 0, 0, 0, 0, 0),
(357, 'Multiple Choice Single Answer', '', '', 0, 0, 0, 0, 0, 0),
(358, 'Multiple Choice Single Answer', '', '', 0, 0, 0, 0, 0, 0),
(359, 'Multiple Choice Single Answer', '', '', 0, 0, 0, 0, 0, 0),
(360, 'Multiple Choice Single Answer', '', '', 0, 0, 0, 0, 0, 0),
(361, 'Multiple Choice Single Answer', '', '', 0, 0, 0, 0, 0, 0),
(362, 'Multiple Choice Single Answer', '', '', 0, 0, 0, 0, 0, 0),
(363, 'Multiple Choice Single Answer', '', '', 0, 0, 0, 0, 0, 0),
(364, 'Multiple Choice Single Answer', '1Ή', '', 0, 0, 0, 0, 0, 0),
(365, 'Multiple Choice Single Answer', '', '', 0, 0, 0, 0, 0, 0),
(366, 'Multiple Choice Single Answer', '', '', 0, 0, 0, 0, 0, 0),
(367, 'Multiple Choice Single Answer', '', '', 0, 0, 0, 0, 0, 0),
(368, 'Multiple Choice Single Answer', '', '', 0, 0, 0, 0, 0, 0),
(369, 'Multiple Choice Single Answer', '', '', 0, 0, 0, 0, 0, 0),
(370, 'Multiple Choice Single Answer', '}E', '6g', 0, 0, 0, 0, 0, 0),
(371, 'Multiple Choice Single Answer', ',', '', 0, 0, 0, 0, 0, 0),
(372, 'Multiple Choice Single Answer', '', '', 0, 0, 0, 0, 0, 0),
(373, 'Multiple Choice Single Answer', '>+r', 't', 0, 0, 0, 0, 0, 0),
(374, 'Multiple Choice Single Answer', '', '', 0, 0, 0, 0, 0, 0),
(375, 'Multiple Choice Single Answer', '', '', 0, 0, 0, 0, 0, 0),
(376, 'Multiple Choice Single Answer', 'u', '', 0, 0, 0, 0, 0, 0),
(377, 'Multiple Choice Single Answer', '', '', 0, 0, 0, 0, 0, 0),
(378, 'Multiple Choice Single Answer', '', '', 0, 0, 0, 0, 0, 0),
(379, 'Multiple Choice Single Answer', '|', '', 0, 0, 0, 0, 0, 0),
(380, 'Multiple Choice Single Answer', '', '', 0, 0, 0, 0, 0, 0),
(381, 'Multiple Choice Single Answer', '', '', 0, 0, 0, 0, 0, 0),
(382, 'Multiple Choice Single Answer', 'uu', '', 0, 0, 0, 0, 0, 0),
(383, 'Multiple Choice Single Answer', '', '', 0, 0, 0, 0, 0, 0),
(384, 'Multiple Choice Single Answer', '', '', 0, 0, 0, 0, 0, 0),
(385, 'Multiple Choice Single Answer', '', '', 0, 0, 0, 0, 0, 0),
(386, 'Multiple Choice Single Answer', '', '', 0, 0, 0, 0, 0, 0),
(387, 'Multiple Choice Single Answer', '', '', 0, 0, 0, 0, 0, 0),
(388, 'Multiple Choice Single Answer', '', '', 0, 0, 0, 0, 0, 0),
(389, 'Multiple Choice Single Answer', '', '', 0, 0, 0, 0, 0, 0),
(390, 'Multiple Choice Single Answer', '', '', 0, 0, 0, 0, 0, 0),
(391, 'Multiple Choice Single Answer', '', '', 0, 0, 0, 0, 0, 0),
(392, 'Multiple Choice Single Answer', '', '', 0, 0, 0, 0, 0, 0),
(393, 'Multiple Choice Single Answer', '', '', 0, 0, 0, 0, 0, 0),
(394, 'Multiple Choice Single Answer', '', '', 0, 0, 0, 0, 0, 0),
(395, 'Multiple Choice Single Answer', '', '', 0, 0, 0, 0, 0, 0),
(396, 'Multiple Choice Single Answer', '', '', 0, 0, 0, 0, 0, 0),
(397, 'Multiple Choice Single Answer', '', '', 0, 0, 0, 0, 0, 0),
(398, 'Multiple Choice Single Answer', '', '', 0, 0, 0, 0, 0, 0),
(399, 'Multiple Choice Single Answer', '', '', 0, 0, 0, 0, 0, 0),
(400, 'Multiple Choice Single Answer', '', '', 0, 0, 0, 0, 0, 0),
(401, 'Multiple Choice Single Answer', '', '', 0, 0, 0, 0, 0, 0),
(402, 'Multiple Choice Single Answer', '', '', 0, 0, 0, 0, 0, 0),
(403, 'Multiple Choice Single Answer', '', '', 0, 0, 0, 0, 0, 0),
(404, 'Multiple Choice Single Answer', '', '', 0, 0, 0, 0, 0, 0),
(405, 'Multiple Choice Single Answer', '', '', 0, 0, 0, 0, 0, 0),
(406, 'Multiple Choice Single Answer', '', '', 0, 0, 0, 0, 0, 0),
(407, 'Multiple Choice Single Answer', '', '', 0, 0, 0, 0, 0, 0),
(408, 'Multiple Choice Single Answer', '', '', 0, 0, 0, 0, 0, 0),
(409, 'Multiple Choice Single Answer', '', '', 0, 0, 0, 0, 0, 0),
(410, 'Multiple Choice Single Answer', '', '', 0, 0, 0, 0, 0, 0),
(411, 'Multiple Choice Single Answer', '', '', 0, 0, 0, 0, 0, 0),
(412, 'Multiple Choice Single Answer', '', '', 0, 0, 0, 0, 0, 0),
(413, 'Multiple Choice Single Answer', '', '', 0, 0, 0, 0, 0, 0),
(414, 'Multiple Choice Single Answer', '', '', 0, 0, 0, 0, 0, 0),
(415, 'Multiple Choice Single Answer', '', '', 0, 0, 0, 0, 0, 0),
(416, 'Multiple Choice Single Answer', '', '', 0, 0, 0, 0, 0, 0),
(417, 'Multiple Choice Single Answer', '', '', 0, 0, 0, 0, 0, 0),
(418, 'Multiple Choice Single Answer', '', '', 0, 0, 0, 0, 0, 0),
(419, 'Multiple Choice Single Answer', '', '', 0, 0, 0, 0, 0, 0),
(420, 'Multiple Choice Single Answer', '', '', 0, 0, 0, 0, 0, 0),
(421, 'Multiple Choice Single Answer', '', '', 0, 0, 0, 0, 0, 0),
(422, 'Multiple Choice Single Answer', '', '', 0, 0, 0, 0, 0, 0),
(423, 'Multiple Choice Single Answer', '', '', 0, 0, 0, 0, 0, 0),
(424, 'Multiple Choice Single Answer', '', '', 0, 0, 0, 0, 0, 0),
(425, 'Multiple Choice Single Answer', '', '', 0, 0, 0, 0, 0, 0),
(426, 'Multiple Choice Single Answer', '', '', 0, 0, 0, 0, 0, 0),
(427, 'Multiple Choice Single Answer', '', '', 0, 0, 0, 0, 0, 0),
(428, 'Multiple Choice Single Answer', '', '', 0, 0, 0, 0, 0, 0),
(429, 'Multiple Choice Single Answer', '', '', 0, 0, 0, 0, 0, 0),
(430, 'Multiple Choice Single Answer', '', '', 0, 0, 0, 0, 0, 0),
(431, 'Multiple Choice Single Answer', '', '', 0, 0, 0, 0, 0, 0),
(432, 'Multiple Choice Single Answer', '', '', 0, 0, 0, 0, 0, 0),
(433, 'Multiple Choice Single Answer', 'A$\Zn', '', 0, 0, 0, 0, 0, 0),
(434, 'Multiple Choice Single Answer', '', '', 0, 0, 0, 0, 0, 0),
(435, 'Multiple Choice Single Answer', '\\', 'A ', 0, 0, 0, 0, 0, 0),
(436, 'Multiple Choice Single Answer', '', '', 0, 0, 0, 0, 0, 0),
(437, 'Multiple Choice Single Answer', '', '', 0, 0, 0, 0, 0, 0),
(438, 'Multiple Choice Single Answer', '', '', 0, 0, 0, 0, 0, 0),
(439, 'Multiple Choice Single Answer', '', '', 0, 0, 0, 0, 0, 0),
(440, 'Multiple Choice Single Answer', '', '', 0, 0, 0, 0, 0, 0),
(441, 'Multiple Choice Single Answer', '', '', 0, 0, 0, 0, 0, 0),
(442, 'Multiple Choice Single Answer', '', '', 0, 0, 0, 0, 0, 0),
(443, 'Multiple Choice Single Answer', '', '', 0, 0, 0, 0, 0, 0),
(444, 'Multiple Choice Single Answer', '', '', 0, 0, 0, 0, 0, 0),
(445, 'Multiple Choice Single Answer', '', '', 0, 0, 0, 0, 0, 0),
(446, 'Multiple Choice Single Answer', '', '', 0, 0, 0, 0, 0, 0),
(447, 'Multiple Choice Single Answer', '', '', 0, 0, 0, 0, 0, 0),
(448, 'Multiple Choice Single Answer', '', '', 0, 0, 0, 0, 0, 0),
(449, 'Multiple Choice Single Answer', '', '', 0, 0, 0, 0, 0, 0),
(450, 'Multiple Choice Single Answer', '', '', 0, 0, 0, 0, 0, 0),
(451, 'Multiple Choice Single Answer', '', '', 0, 0, 0, 0, 0, 0),
(452, 'Multiple Choice Single Answer', '', '', 0, 0, 0, 0, 0, 0),
(453, 'Multiple Choice Single Answer', '', '', 0, 0, 0, 0, 0, 0),
(454, 'Multiple Choice Single Answer', '=', '', 0, 0, 0, 0, 0, 0),
(455, 'Multiple Choice Single Answer', '', '', 0, 0, 0, 0, 0, 0),
(456, 'Multiple Choice Single Answer', '', '', 0, 0, 0, 0, 0, 0),
(457, 'Multiple Choice Single Answer', '', '', 0, 0, 0, 0, 0, 0),
(458, 'Multiple Choice Single Answer', '', '4', 0, 0, 0, 0, 0, 0),
(459, 'Multiple Choice Single Answer', '', '', 0, 0, 0, 0, 0, 0),
(460, 'Multiple Choice Single Answer', '', '', 0, 0, 0, 0, 0, 0),
(461, 'Multiple Choice Single Answer', '', '', 0, 0, 0, 0, 0, 0),
(462, 'Multiple Choice Single Answer', '', 'hr', 0, 0, 0, 0, 0, 0),
(463, 'Multiple Choice Single Answer', '', '', 0, 0, 0, 0, 0, 0),
(464, 'Multiple Choice Single Answer', '', '', 0, 0, 0, 0, 0, 0),
(465, 'Multiple Choice Single Answer', '', '', 0, 0, 0, 0, 0, 0),
(466, 'Multiple Choice Single Answer', '/', '', 0, 0, 0, 0, 0, 0),
(467, 'Multiple Choice Single Answer', '', '', 0, 0, 0, 0, 0, 0),
(468, 'Multiple Choice Single Answer', '0z', '', 0, 0, 0, 0, 0, 0),
(469, 'Multiple Choice Single Answer', '', '', 0, 0, 0, 0, 0, 0),
(470, 'Multiple Choice Single Answer', '', '', 0, 0, 0, 0, 0, 0),
(471, 'Multiple Choice Single Answer', '', '', 0, 0, 0, 0, 0, 0),
(472, 'Multiple Choice Single Answer', '', '', 0, 0, 0, 0, 0, 0),
(473, 'Multiple Choice Single Answer', 'Gm', '', 0, 0, 0, 0, 0, 0),
(474, 'Multiple Choice Single Answer', 'x^%', 'ʮ', 0, 0, 0, 0, 0, 0),
(475, 'Multiple Choice Single Answer', '', '', 0, 0, 0, 0, 0, 0),
(476, 'Multiple Choice Single Answer', '', '', 0, 0, 0, 0, 0, 0),
(477, 'Multiple Choice Single Answer', 'җ|G', '', 0, 0, 0, 0, 0, 0),
(478, 'Multiple Choice Single Answer', '', '', 0, 0, 0, 0, 0, 0),
(479, 'Multiple Choice Single Answer', '', '', 0, 0, 0, 0, 0, 0),
(480, 'Multiple Choice Single Answer', '', '', 0, 0, 0, 0, 0, 0),
(481, 'Multiple Choice Single Answer', '', '', 0, 0, 0, 0, 0, 0),
(482, 'Multiple Choice Single Answer', 'W', '', 0, 0, 0, 0, 0, 0),
(483, 'Multiple Choice Single Answer', '', '', 0, 0, 0, 0, 0, 0),
(484, 'Multiple Choice Single Answer', '', '%FsK', 0, 0, 0, 0, 0, 0),
(485, 'Multiple Choice Single Answer', 'L', '', 0, 0, 0, 0, 0, 0),
(486, 'Multiple Choice Single Answer', '', '', 0, 0, 0, 0, 0, 0),
(487, 'Multiple Choice Single Answer', '', '', 0, 0, 0, 0, 0, 0),
(488, 'Multiple Choice Single Answer', '', '8', 0, 0, 0, 0, 0, 0),
(489, 'Multiple Choice Single Answer', '', '', 0, 0, 0, 0, 0, 0),
(490, 'Multiple Choice Single Answer', '', '', 0, 0, 0, 0, 0, 0),
(491, 'Multiple Choice Single Answer', '', '', 0, 0, 0, 0, 0, 0),
(492, 'Multiple Choice Single Answer', '', '', 0, 0, 0, 0, 0, 0),
(493, 'Multiple Choice Single Answer', '', '', 0, 0, 0, 0, 0, 0),
(494, 'Multiple Choice Single Answer', '', '', 0, 0, 0, 0, 0, 0),
(495, 'Multiple Choice Single Answer', '/', '', 0, 0, 0, 0, 0, 0),
(496, 'Multiple Choice Single Answer', '', '', 0, 0, 0, 0, 0, 0),
(497, 'Multiple Choice Single Answer', '377', '', 0, 0, 0, 0, 0, 0),
(498, 'Multiple Choice Single Answer', '', 'Q', 0, 0, 0, 0, 0, 0),
(499, 'Multiple Choice Single Answer', '', '', 0, 0, 0, 0, 0, 0),
(500, 'Multiple Choice Single Answer', '', '', 0, 0, 0, 0, 0, 0),
(501, 'Multiple Choice Single Answer', '', '', 0, 0, 0, 0, 0, 0),
(502, 'Multiple Choice Single Answer', '', '', 0, 0, 0, 0, 0, 0),
(503, 'Multiple Choice Single Answer', '', '', 0, 0, 0, 0, 0, 0),
(504, 'Multiple Choice Single Answer', '', '', 0, 0, 0, 0, 0, 0),
(505, 'Multiple Choice Single Answer', 'b', '', 0, 0, 0, 0, 0, 0),
(506, 'Multiple Choice Single Answer', '', '', 0, 0, 0, 0, 0, 0),
(507, 'Multiple Choice Single Answer', '', '', 0, 0, 0, 0, 0, 0),
(508, 'Multiple Choice Single Answer', 'g5', '', 0, 0, 0, 0, 0, 0),
(509, 'Multiple Choice Single Answer', '', '', 0, 0, 0, 0, 0, 0),
(510, 'Multiple Choice Single Answer', '', '', 0, 0, 0, 0, 0, 0),
(511, 'Multiple Choice Single Answer', '', '', 0, 0, 0, 0, 0, 0),
(512, 'Multiple Choice Single Answer', '', '', 0, 0, 0, 0, 0, 0),
(513, 'Multiple Choice Single Answer', '', '', 0, 0, 0, 0, 0, 0),
(514, 'Multiple Choice Single Answer', '', '', 0, 0, 0, 0, 0, 0),
(515, 'Multiple Choice Single Answer', '', '', 0, 0, 0, 0, 0, 0),
(516, 'Multiple Choice Single Answer', ']A', '', 0, 0, 0, 0, 0, 0),
(517, 'Multiple Choice Single Answer', '', '', 0, 0, 0, 0, 0, 0),
(518, 'Multiple Choice Single Answer', '', '', 0, 0, 0, 0, 0, 0),
(519, 'Multiple Choice Single Answer', 'b', 'nL', 0, 0, 0, 0, 0, 0),
(520, 'Multiple Choice Single Answer', 'h&#39;(e', '9', 0, 0, 0, 0, 0, 0),
(521, 'Multiple Choice Single Answer', '', '', 0, 0, 0, 0, 0, 0),
(522, 'Multiple Choice Single Answer', '', '', 0, 0, 0, 0, 0, 0),
(523, 'Multiple Choice Single Answer', 'E', '$n', 0, 0, 0, 0, 0, 0),
(524, 'Multiple Choice Single Answer', '', '', 0, 0, 0, 0, 0, 0),
(525, 'Multiple Choice Single Answer', '', '', 0, 0, 0, 0, 0, 0),
(526, 'Multiple Choice Single Answer', 'P', '', 0, 0, 0, 0, 0, 0),
(527, 'Multiple Choice Single Answer', ':ch', '', 0, 0, 0, 0, 0, 0),
(528, 'Multiple Choice Single Answer', '', '', 0, 0, 0, 0, 0, 0),
(529, 'Multiple Choice Single Answer', '', '؋b', 0, 0, 0, 0, 0, 0),
(530, 'Multiple Choice Single Answer', '', '&', 0, 0, 0, 0, 0, 0),
(531, 'Multiple Choice Single Answer', '', '', 0, 0, 0, 0, 0, 0),
(532, 'Multiple Choice Single Answer', '', '', 0, 0, 0, 0, 0, 0),
(533, 'Multiple Choice Single Answer', '/[', '', 0, 0, 0, 0, 0, 0),
(534, 'Multiple Choice Single Answer', '', '', 0, 0, 0, 0, 0, 0),
(535, 'Multiple Choice Single Answer', '', '', 0, 0, 0, 0, 0, 0),
(536, 'Multiple Choice Single Answer', '', '', 0, 0, 0, 0, 0, 0),
(537, 'Multiple Choice Single Answer', '', '', 0, 0, 0, 0, 0, 0),
(538, 'Multiple Choice Single Answer', '', '', 0, 0, 0, 0, 0, 0),
(539, 'Multiple Choice Single Answer', 'z', '', 0, 0, 0, 0, 0, 0),
(540, 'Multiple Choice Single Answer', '', '', 0, 0, 0, 0, 0, 0),
(541, 'Multiple Choice Single Answer', '', '', 0, 0, 0, 0, 0, 0),
(542, 'Multiple Choice Single Answer', '', '', 0, 0, 0, 0, 0, 0),
(543, 'Multiple Choice Single Answer', '', '', 0, 0, 0, 0, 0, 0),
(544, 'Multiple Choice Single Answer', '', '', 0, 0, 0, 0, 0, 0),
(545, 'Multiple Choice Single Answer', '', '', 0, 0, 0, 0, 0, 0),
(546, 'Multiple Choice Single Answer', '*', '', 0, 0, 0, 0, 0, 0),
(547, 'Multiple Choice Single Answer', '', '', 0, 0, 0, 0, 0, 0),
(548, 'Multiple Choice Single Answer', '', '', 0, 0, 0, 0, 0, 0),
(549, 'Multiple Choice Single Answer', '', '', 0, 0, 0, 0, 0, 0),
(550, 'Multiple Choice Single Answer', '', '', 0, 0, 0, 0, 0, 0),
(551, 'Multiple Choice Single Answer', '', '', 0, 0, 0, 0, 0, 0),
(552, 'Multiple Choice Single Answer', '', '', 0, 0, 0, 0, 0, 0),
(553, 'Multiple Choice Single Answer', 'Qco', '', 0, 0, 0, 0, 0, 0),
(554, 'Multiple Choice Single Answer', '', '', 0, 0, 0, 0, 0, 0),
(555, 'Multiple Choice Single Answer', '', '', 0, 0, 0, 0, 0, 0),
(556, 'Multiple Choice Single Answer', '', '', 0, 0, 0, 0, 0, 0),
(557, 'Multiple Choice Single Answer', '', '', 0, 0, 0, 0, 0, 0),
(558, 'Multiple Choice Single Answer', '', '', 0, 0, 0, 0, 0, 0),
(559, 'Multiple Choice Single Answer', '', '', 0, 0, 0, 0, 0, 0),
(560, 'Multiple Choice Single Answer', '', '', 0, 0, 0, 0, 0, 0),
(561, 'Multiple Choice Single Answer', 'B', '', 0, 0, 0, 0, 0, 0),
(562, 'Multiple Choice Single Answer', '0dt', '', 0, 0, 0, 0, 0, 0),
(563, 'Multiple Choice Single Answer', '', '', 0, 0, 0, 0, 0, 0),
(564, 'Multiple Choice Single Answer', '', '', 0, 0, 0, 0, 0, 0),
(565, 'Multiple Choice Single Answer', '', '', 0, 0, 0, 0, 0, 0),
(566, 'Multiple Choice Single Answer', '', 'yp', 0, 0, 0, 0, 0, 0),
(567, 'Multiple Choice Single Answer', '', '', 0, 0, 0, 0, 0, 0),
(568, 'Multiple Choice Single Answer', '!', '', 0, 0, 0, 0, 0, 0),
(569, 'Multiple Choice Single Answer', '', 'V7', 0, 0, 0, 0, 0, 0),
(570, 'Multiple Choice Single Answer', '', '', 0, 0, 0, 0, 0, 0),
(571, 'Multiple Choice Single Answer', '', '', 0, 0, 0, 0, 0, 0),
(572, 'Multiple Choice Single Answer', 'V9V', '&', 0, 0, 0, 0, 0, 0),
(573, 'Multiple Choice Single Answer', 'W', '', 0, 0, 0, 0, 0, 0),
(574, 'Multiple Choice Single Answer', '', '', 0, 0, 0, 0, 0, 0),
(575, 'Multiple Choice Single Answer', '', '', 0, 0, 0, 0, 0, 0),
(576, 'Multiple Choice Single Answer', '', '', 0, 0, 0, 0, 0, 0),
(577, 'Multiple Choice Single Answer', '', '', 0, 0, 0, 0, 0, 0),
(578, 'Multiple Choice Single Answer', '}', '', 0, 0, 0, 0, 0, 0),
(579, 'Multiple Choice Single Answer', '#d', '', 0, 0, 0, 0, 0, 0),
(580, 'Multiple Choice Single Answer', '', 'q`', 0, 0, 0, 0, 0, 0),
(581, 'Multiple Choice Single Answer', '', '', 0, 0, 0, 0, 0, 0),
(582, 'Multiple Choice Single Answer', '', '', 0, 0, 0, 0, 0, 0),
(583, 'Multiple Choice Single Answer', '}+', '', 0, 0, 0, 0, 0, 0),
(584, 'Multiple Choice Single Answer', '', '@%լv', 0, 0, 0, 0, 0, 0),
(585, 'Multiple Choice Single Answer', '', '', 0, 0, 0, 0, 0, 0),
(586, 'Multiple Choice Single Answer', 'zWٝТ', '', 0, 0, 0, 0, 0, 0),
(587, 'Multiple Choice Single Answer', '', '', 0, 0, 0, 0, 0, 0),
(588, 'Multiple Choice Single Answer', '', '', 0, 0, 0, 0, 0, 0),
(589, 'Multiple Choice Single Answer', '', '', 0, 0, 0, 0, 0, 0),
(590, 'Multiple Choice Single Answer', '{', '', 0, 0, 0, 0, 0, 0),
(591, 'Multiple Choice Single Answer', '', '', 0, 0, 0, 0, 0, 0),
(592, 'Multiple Choice Single Answer', '', '', 0, 0, 0, 0, 0, 0),
(593, 'Multiple Choice Single Answer', '', '', 0, 0, 0, 0, 0, 0),
(594, 'Multiple Choice Single Answer', '', '', 0, 0, 0, 0, 0, 0),
(595, 'Multiple Choice Single Answer', '', '', 0, 0, 0, 0, 0, 0),
(596, 'Multiple Choice Single Answer', '', 'ӭ2', 0, 0, 0, 0, 0, 0),
(597, 'Multiple Choice Single Answer', '', '', 0, 0, 0, 0, 0, 0),
(598, 'Multiple Choice Single Answer', 'yq', 'e', 0, 0, 0, 0, 0, 0),
(599, 'Multiple Choice Single Answer', '}B&#34;z', '', 0, 0, 0, 0, 0, 0),
(600, 'Multiple Choice Single Answer', '', '', 0, 0, 0, 0, 0, 0),
(601, 'Multiple Choice Single Answer', '', '', 0, 0, 0, 0, 0, 0),
(602, 'Multiple Choice Single Answer', '', '', 0, 0, 0, 0, 0, 0),
(603, 'Multiple Choice Single Answer', '', '6', 0, 0, 0, 0, 0, 0),
(604, 'Multiple Choice Single Answer', '', '', 0, 0, 0, 0, 0, 0),
(605, 'Multiple Choice Single Answer', '', '', 0, 0, 0, 0, 0, 0),
(606, 'Multiple Choice Single Answer', '', '', 0, 0, 0, 0, 0, 0),
(607, 'Multiple Choice Single Answer', '', '', 0, 0, 0, 0, 0, 0),
(608, 'Multiple Choice Single Answer', 'H>GH\\', 'Fܞ', 0, 0, 0, 0, 0, 0),
(609, 'Multiple Choice Single Answer', '\Zq}', 'M', 0, 0, 0, 0, 0, 0),
(610, 'Multiple Choice Single Answer', '', '', 0, 0, 0, 0, 0, 0),
(611, 'Multiple Choice Single Answer', '&#39;', '', 0, 0, 0, 0, 0, 0),
(612, 'Multiple Choice Single Answer', '', '', 0, 0, 0, 0, 0, 0),
(613, 'Multiple Choice Single Answer', '', '', 0, 0, 0, 0, 0, 0),
(614, 'Multiple Choice Single Answer', '', '', 0, 0, 0, 0, 0, 0),
(615, 'Multiple Choice Single Answer', '', '', 0, 0, 0, 0, 0, 0),
(616, 'Multiple Choice Single Answer', '6tl', '', 0, 0, 0, 0, 0, 0),
(617, 'Multiple Choice Single Answer', 'Y', '', 0, 0, 0, 0, 0, 0),
(618, 'Multiple Choice Single Answer', '', 'q7J', 0, 0, 0, 0, 0, 0),
(619, 'Multiple Choice Single Answer', '', '', 0, 0, 0, 0, 0, 0),
(620, 'Multiple Choice Single Answer', '0', '', 0, 0, 0, 0, 0, 0),
(621, 'Multiple Choice Single Answer', '', '', 0, 0, 0, 0, 0, 0),
(622, 'Multiple Choice Single Answer', '', '', 0, 0, 0, 0, 0, 0),
(623, 'Multiple Choice Single Answer', '', '', 0, 0, 0, 0, 0, 0),
(624, 'Multiple Choice Single Answer', '', '', 0, 0, 0, 0, 0, 0),
(625, 'Multiple Choice Single Answer', '', '', 0, 0, 0, 0, 0, 0),
(626, 'Multiple Choice Single Answer', '', '', 0, 0, 0, 0, 0, 0),
(627, 'Multiple Choice Single Answer', '', '', 0, 0, 0, 0, 0, 0),
(628, 'Multiple Choice Single Answer', '', '', 0, 0, 0, 0, 0, 0),
(629, 'Multiple Choice Single Answer', '', '', 0, 0, 0, 0, 0, 0),
(630, 'Multiple Choice Single Answer', '', '', 0, 0, 0, 0, 0, 0),
(631, 'Multiple Choice Single Answer', '', '', 0, 0, 0, 0, 0, 0),
(632, 'Multiple Choice Single Answer', '', '', 0, 0, 0, 0, 0, 0),
(633, 'Multiple Choice Single Answer', '', 'p', 0, 0, 0, 0, 0, 0),
(634, 'Multiple Choice Single Answer', '', '', 0, 0, 0, 0, 0, 0),
(635, 'Multiple Choice Single Answer', '', '', 0, 0, 0, 0, 0, 0),
(636, 'Multiple Choice Single Answer', '', '', 0, 0, 0, 0, 0, 0),
(637, 'Multiple Choice Single Answer', '', '', 0, 0, 0, 0, 0, 0),
(638, 'Multiple Choice Single Answer', '', '', 0, 0, 0, 0, 0, 0),
(639, 'Multiple Choice Single Answer', '', '', 0, 0, 0, 0, 0, 0),
(640, 'Multiple Choice Single Answer', '', '', 0, 0, 0, 0, 0, 0),
(641, 'Multiple Choice Single Answer', '', '~', 0, 0, 0, 0, 0, 0),
(642, 'Multiple Choice Single Answer', '', '', 0, 0, 0, 0, 0, 0),
(643, 'Multiple Choice Single Answer', '', '', 0, 0, 0, 0, 0, 0),
(644, 'Multiple Choice Single Answer', '@', '', 0, 0, 0, 0, 0, 0),
(645, 'Multiple Choice Single Answer', '', '', 0, 0, 0, 0, 0, 0),
(646, 'Multiple Choice Single Answer', '', '', 0, 0, 0, 0, 0, 0),
(647, 'Multiple Choice Single Answer', '_', '', 0, 0, 0, 0, 0, 0),
(648, 'Multiple Choice Single Answer', '', '', 0, 0, 0, 0, 0, 0),
(649, 'Multiple Choice Single Answer', '', '\Z', 0, 0, 0, 0, 0, 0),
(650, 'Multiple Choice Single Answer', '', '', 0, 0, 0, 0, 0, 0),
(651, 'Multiple Choice Single Answer', '', '', 0, 0, 0, 0, 0, 0),
(652, 'Multiple Choice Single Answer', '', '', 0, 0, 0, 0, 0, 0),
(653, 'Multiple Choice Single Answer', '', '', 0, 0, 0, 0, 0, 0),
(654, 'Multiple Choice Single Answer', '', '', 0, 0, 0, 0, 0, 0),
(655, 'Multiple Choice Single Answer', 'ZF}&#39;', 'd', 0, 0, 0, 0, 0, 0),
(656, 'Multiple Choice Single Answer', '', '', 0, 0, 0, 0, 0, 0),
(657, 'Multiple Choice Single Answer', '', '', 0, 0, 0, 0, 0, 0),
(658, 'Multiple Choice Single Answer', '', '', 0, 0, 0, 0, 0, 0),
(659, 'Multiple Choice Single Answer', '', '', 0, 0, 0, 0, 0, 0),
(660, 'Multiple Choice Single Answer', '5', '', 0, 0, 0, 0, 0, 0),
(661, 'Multiple Choice Single Answer', '', '', 0, 0, 0, 0, 0, 0),
(662, 'Multiple Choice Single Answer', '', '', 0, 0, 0, 0, 0, 0),
(663, 'Multiple Choice Single Answer', '', '', 0, 0, 0, 0, 0, 0),
(664, 'Multiple Choice Single Answer', '', '', 0, 0, 0, 0, 0, 0),
(665, 'Multiple Choice Single Answer', '', '', 0, 0, 0, 0, 0, 0),
(666, 'Multiple Choice Single Answer', '', '', 0, 0, 0, 0, 0, 0),
(667, 'Multiple Choice Single Answer', '', '', 0, 0, 0, 0, 0, 0),
(668, 'Multiple Choice Single Answer', '', '', 0, 0, 0, 0, 0, 0),
(669, 'Multiple Choice Single Answer', '', '', 0, 0, 0, 0, 0, 0),
(670, 'Multiple Choice Single Answer', '', '', 0, 0, 0, 0, 0, 0),
(671, 'Multiple Choice Single Answer', '', '', 0, 0, 0, 0, 0, 0),
(672, 'Multiple Choice Single Answer', '', '', 0, 0, 0, 0, 0, 0),
(673, 'Multiple Choice Single Answer', '', '', 0, 0, 0, 0, 0, 0),
(674, 'Multiple Choice Single Answer', 'O', '', 0, 0, 0, 0, 0, 0),
(675, 'Multiple Choice Single Answer', '', '', 0, 0, 0, 0, 0, 0),
(676, 'Multiple Choice Single Answer', '', '', 0, 0, 0, 0, 0, 0),
(677, 'Multiple Choice Single Answer', '', '', 0, 0, 0, 0, 0, 0),
(678, 'Multiple Choice Single Answer', '', '', 0, 0, 0, 0, 0, 0),
(679, 'Multiple Choice Single Answer', '', '', 0, 0, 0, 0, 0, 0),
(680, 'Multiple Choice Single Answer', 'f', 'E:3v', 0, 0, 0, 0, 0, 0),
(681, 'Multiple Choice Single Answer', '', '', 0, 0, 0, 0, 0, 0),
(682, 'Multiple Choice Single Answer', '', '', 0, 0, 0, 0, 0, 0),
(683, 'Multiple Choice Single Answer', '', '', 0, 0, 0, 0, 0, 0),
(684, 'Multiple Choice Single Answer', '$', '!', 0, 0, 0, 0, 0, 0),
(685, 'Multiple Choice Single Answer', '$', 'W秊T', 0, 0, 0, 0, 0, 0),
(686, 'Multiple Choice Single Answer', '', 's', 0, 0, 0, 0, 0, 0),
(687, 'Multiple Choice Single Answer', '', '', 0, 0, 0, 0, 0, 0),
(688, 'Multiple Choice Single Answer', '', '', 0, 0, 0, 0, 0, 0),
(689, 'Multiple Choice Single Answer', '', '', 0, 0, 0, 0, 0, 0),
(690, 'Multiple Choice Single Answer', '1s', '', 0, 0, 0, 0, 0, 0),
(691, 'Multiple Choice Single Answer', '', '', 0, 0, 0, 0, 0, 0),
(692, 'Multiple Choice Single Answer', '', '', 0, 0, 0, 0, 0, 0),
(693, 'Multiple Choice Single Answer', '', '', 0, 0, 0, 0, 0, 0),
(694, 'Multiple Choice Single Answer', 'edv\r', 'd1վ', 0, 0, 0, 0, 0, 0),
(695, 'Multiple Choice Single Answer', '', '', 0, 0, 0, 0, 0, 0),
(696, 'Multiple Choice Single Answer', '', '', 0, 0, 0, 0, 0, 0),
(697, 'Multiple Choice Single Answer', '/', '', 0, 0, 0, 0, 0, 0),
(698, 'Multiple Choice Single Answer', ')', '', 0, 0, 0, 0, 0, 0),
(699, 'Multiple Choice Single Answer', 'Vv', '', 0, 0, 0, 0, 0, 0),
(700, 'Multiple Choice Single Answer', '', '', 0, 0, 0, 0, 0, 0),
(701, 'Multiple Choice Single Answer', '', '', 0, 0, 0, 0, 0, 0),
(702, 'Multiple Choice Single Answer', '', '', 0, 0, 0, 0, 0, 0),
(703, 'Multiple Choice Single Answer', 'g', '', 0, 0, 0, 0, 0, 0),
(704, 'Multiple Choice Single Answer', '4', '', 0, 0, 0, 0, 0, 0),
(705, 'Multiple Choice Single Answer', '', '', 0, 0, 0, 0, 0, 0),
(706, 'Multiple Choice Single Answer', '', '', 0, 0, 0, 0, 0, 0),
(707, 'Multiple Choice Single Answer', '', '', 0, 0, 0, 0, 0, 0),
(708, 'Multiple Choice Single Answer', '', '', 0, 0, 0, 0, 0, 0),
(709, 'Multiple Choice Single Answer', '', '', 0, 0, 0, 0, 0, 0),
(710, 'Multiple Choice Single Answer', '', '*', 0, 0, 0, 0, 0, 0),
(711, 'Multiple Choice Single Answer', '', '', 0, 0, 0, 0, 0, 0),
(712, 'Multiple Choice Single Answer', '', '', 0, 0, 0, 0, 0, 0),
(713, 'Multiple Choice Single Answer', 'S', '_&#39;', 0, 0, 0, 0, 0, 0),
(714, 'Multiple Choice Single Answer', '', '', 0, 0, 0, 0, 0, 0),
(715, 'Multiple Choice Single Answer', '', '', 0, 0, 0, 0, 0, 0),
(716, 'Multiple Choice Single Answer', '', '', 0, 0, 0, 0, 0, 0),
(717, 'Multiple Choice Single Answer', '', '', 0, 0, 0, 0, 0, 0),
(718, 'Multiple Choice Single Answer', '', '', 0, 0, 0, 0, 0, 0),
(719, 'Multiple Choice Single Answer', '', '', 0, 0, 0, 0, 0, 0),
(720, 'Multiple Choice Single Answer', '', '', 0, 0, 0, 0, 0, 0),
(721, 'Multiple Choice Single Answer', '', '', 0, 0, 0, 0, 0, 0),
(722, 'Multiple Choice Single Answer', '', '', 0, 0, 0, 0, 0, 0),
(723, 'Multiple Choice Single Answer', '', '', 0, 0, 0, 0, 0, 0),
(724, 'Multiple Choice Single Answer', '', '', 0, 0, 0, 0, 0, 0),
(725, 'Multiple Choice Single Answer', '', '', 0, 0, 0, 0, 0, 0),
(726, 'Multiple Choice Single Answer', '', '', 0, 0, 0, 0, 0, 0),
(727, 'Multiple Choice Single Answer', '', '', 0, 0, 0, 0, 0, 0),
(728, 'Multiple Choice Single Answer', '', '', 0, 0, 0, 0, 0, 0),
(729, 'Multiple Choice Single Answer', '', '', 0, 0, 0, 0, 0, 0),
(730, 'Multiple Choice Single Answer', '', '', 0, 0, 0, 0, 0, 0),
(731, 'Multiple Choice Single Answer', '', '', 0, 0, 0, 0, 0, 0),
(732, 'Multiple Choice Single Answer', '', '', 0, 0, 0, 0, 0, 0),
(733, 'Multiple Choice Single Answer', '', '', 0, 0, 0, 0, 0, 0),
(734, 'Multiple Choice Single Answer', '', '', 0, 0, 0, 0, 0, 0),
(735, 'Multiple Choice Single Answer', '', '', 0, 0, 0, 0, 0, 0),
(736, 'Multiple Choice Single Answer', '', '', 0, 0, 0, 0, 0, 0),
(737, 'Multiple Choice Single Answer', '', '', 0, 0, 0, 0, 0, 0),
(738, 'Multiple Choice Single Answer', '', '', 0, 0, 0, 0, 0, 0),
(739, 'Multiple Choice Single Answer', '', '', 0, 0, 0, 0, 0, 0),
(740, 'Multiple Choice Single Answer', '', '', 0, 0, 0, 0, 0, 0),
(741, 'Multiple Choice Single Answer', '', '', 0, 0, 0, 0, 0, 0),
(742, 'Multiple Choice Single Answer', '', '', 0, 0, 0, 0, 0, 0),
(743, 'Multiple Choice Single Answer', '', '', 0, 0, 0, 0, 0, 0),
(744, 'Multiple Choice Single Answer', '', '', 0, 0, 0, 0, 0, 0),
(745, 'Multiple Choice Single Answer', '', '', 0, 0, 0, 0, 0, 0),
(746, 'Multiple Choice Single Answer', '', '', 0, 0, 0, 0, 0, 0),
(747, 'Multiple Choice Single Answer', '', '', 0, 0, 0, 0, 0, 0),
(748, 'Multiple Choice Single Answer', '', '', 0, 0, 0, 0, 0, 0),
(749, 'Multiple Choice Single Answer', '', '', 0, 0, 0, 0, 0, 0),
(750, 'Multiple Choice Single Answer', '', '', 0, 0, 0, 0, 0, 0),
(751, 'Multiple Choice Single Answer', '', '', 0, 0, 0, 0, 0, 0),
(752, 'Multiple Choice Single Answer', '', '', 0, 0, 0, 0, 0, 0),
(753, 'Multiple Choice Single Answer', '', '', 0, 0, 0, 0, 0, 0),
(754, 'Multiple Choice Single Answer', '', '', 0, 0, 0, 0, 0, 0),
(755, 'Multiple Choice Single Answer', '', '', 0, 0, 0, 0, 0, 0),
(756, 'Multiple Choice Single Answer', '', '', 0, 0, 0, 0, 0, 0),
(757, 'Multiple Choice Single Answer', '', '', 0, 0, 0, 0, 0, 0),
(758, 'Multiple Choice Single Answer', '', '', 0, 0, 0, 0, 0, 0),
(759, 'Multiple Choice Single Answer', '', '', 0, 0, 0, 0, 0, 0),
(760, 'Multiple Choice Single Answer', '', '', 0, 0, 0, 0, 0, 0),
(761, 'Multiple Choice Single Answer', '', '', 0, 0, 0, 0, 0, 0),
(762, 'Multiple Choice Single Answer', '', '', 0, 0, 0, 0, 0, 0),
(763, 'Multiple Choice Single Answer', '߹', 'm圯g', 0, 0, 0, 0, 0, 0),
(764, 'Multiple Choice Single Answer', '', '', 0, 0, 0, 0, 0, 0),
(765, 'Multiple Choice Single Answer', '', '', 0, 0, 0, 0, 0, 0),
(766, 'Multiple Choice Single Answer', '', '', 0, 0, 0, 0, 0, 0),
(767, 'Multiple Choice Single Answer', '', '', 0, 0, 0, 0, 0, 0),
(768, 'Multiple Choice Single Answer', '', '', 0, 0, 0, 0, 0, 0),
(769, 'Multiple Choice Single Answer', '', '', 0, 0, 0, 0, 0, 0),
(770, 'Multiple Choice Single Answer', '', '', 0, 0, 0, 0, 0, 0),
(771, 'Multiple Choice Single Answer', '', '', 0, 0, 0, 0, 0, 0);
INSERT INTO `cste_qbank` (`qid`, `question_type`, `question`, `description`, `cid`, `lid`, `no_time_served`, `no_time_corrected`, `no_time_incorrected`, `no_time_unattempted`) VALUES
(772, 'Multiple Choice Single Answer', '', '̀g', 0, 0, 0, 0, 0, 0),
(773, 'Multiple Choice Single Answer', 'p', '', 0, 0, 0, 0, 0, 0),
(774, 'Multiple Choice Single Answer', '', '', 0, 0, 0, 0, 0, 0),
(775, 'Multiple Choice Single Answer', '', '', 0, 0, 0, 0, 0, 0),
(776, 'Multiple Choice Single Answer', '', '', 0, 0, 0, 0, 0, 0),
(777, 'Multiple Choice Single Answer', '', 'ǉ', 0, 0, 0, 0, 0, 0),
(778, 'Multiple Choice Single Answer', '', '', 0, 0, 0, 0, 0, 0),
(779, 'Multiple Choice Single Answer', '', '', 0, 0, 0, 0, 0, 0),
(780, 'Multiple Choice Single Answer', '', '', 0, 0, 0, 0, 0, 0),
(781, 'Multiple Choice Single Answer', '', '', 0, 0, 0, 0, 0, 0),
(782, 'Multiple Choice Single Answer', 'Ҡ}', '\r', 0, 0, 0, 0, 0, 0),
(783, 'Multiple Choice Single Answer', '', '', 0, 0, 0, 0, 0, 0),
(784, 'Multiple Choice Single Answer', '', '(V*TX#4', 0, 0, 0, 0, 0, 0),
(785, 'Multiple Choice Single Answer', '', '', 0, 0, 0, 0, 0, 0),
(786, 'Multiple Choice Single Answer', '', '', 0, 0, 0, 0, 0, 0),
(787, 'Multiple Choice Single Answer', '', '', 0, 0, 0, 0, 0, 0),
(788, 'Multiple Choice Single Answer', 'N/l', '', 0, 0, 0, 0, 0, 0),
(789, 'Multiple Choice Single Answer', '', '', 0, 0, 0, 0, 0, 0),
(790, 'Multiple Choice Single Answer', 's', 'q݁', 0, 0, 0, 0, 0, 0),
(791, 'Multiple Choice Single Answer', '', '', 0, 0, 0, 0, 0, 0),
(792, 'Multiple Choice Single Answer', '', '', 0, 0, 0, 0, 0, 0),
(793, 'Multiple Choice Single Answer', '', '', 0, 0, 0, 0, 0, 0),
(794, 'Multiple Choice Single Answer', '', 'fA', 0, 0, 0, 0, 0, 0),
(795, 'Multiple Choice Single Answer', '', ')M2R', 0, 0, 0, 0, 0, 0),
(796, 'Multiple Choice Single Answer', '', '', 0, 0, 0, 0, 0, 0),
(797, 'Multiple Choice Single Answer', '', '', 0, 0, 0, 0, 0, 0),
(798, 'Multiple Choice Single Answer', '', '', 0, 0, 0, 0, 0, 0),
(799, 'Multiple Choice Single Answer', '', '', 0, 0, 0, 0, 0, 0),
(800, 'Multiple Choice Single Answer', '', '', 0, 0, 0, 0, 0, 0),
(801, 'Multiple Choice Single Answer', '', '', 0, 0, 0, 0, 0, 0),
(802, 'Multiple Choice Single Answer', 'p', '', 0, 0, 0, 0, 0, 0),
(803, 'Multiple Choice Single Answer', 'J', '', 0, 0, 0, 0, 0, 0),
(804, 'Multiple Choice Single Answer', '', '', 0, 0, 0, 0, 0, 0),
(805, 'Multiple Choice Single Answer', 'p', '', 0, 0, 0, 0, 0, 0),
(806, 'Multiple Choice Single Answer', 'T', '', 0, 0, 0, 0, 0, 0),
(807, 'Multiple Choice Single Answer', '', '', 0, 0, 0, 0, 0, 0),
(808, 'Multiple Choice Single Answer', '', '', 0, 0, 0, 0, 0, 0),
(809, 'Multiple Choice Single Answer', '', '', 0, 0, 0, 0, 0, 0),
(810, 'Multiple Choice Single Answer', '', '', 0, 0, 0, 0, 0, 0),
(811, 'Multiple Choice Single Answer', '', '', 0, 0, 0, 0, 0, 0),
(812, 'Multiple Choice Single Answer', 'J5', '', 0, 0, 0, 0, 0, 0),
(813, 'Multiple Choice Single Answer', '', 'G', 0, 0, 0, 0, 0, 0),
(814, 'Multiple Choice Single Answer', '', '', 0, 0, 0, 0, 0, 0),
(815, 'Multiple Choice Single Answer', '', '', 0, 0, 0, 0, 0, 0),
(816, 'Multiple Choice Single Answer', '', '', 0, 0, 0, 0, 0, 0),
(817, 'Multiple Choice Single Answer', '', '', 0, 0, 0, 0, 0, 0),
(818, 'Multiple Choice Single Answer', 'P', '', 0, 0, 0, 0, 0, 0),
(819, 'Multiple Choice Single Answer', '', '', 0, 0, 0, 0, 0, 0),
(820, 'Multiple Choice Single Answer', '', '', 0, 0, 0, 0, 0, 0),
(821, 'Multiple Choice Single Answer', '', '', 0, 0, 0, 0, 0, 0),
(822, 'Multiple Choice Single Answer', '', '', 0, 0, 0, 0, 0, 0),
(823, 'Multiple Choice Single Answer', '', '', 0, 0, 0, 0, 0, 0),
(824, 'Multiple Choice Single Answer', '', '', 0, 0, 0, 0, 0, 0),
(825, 'Multiple Choice Single Answer', '', '', 0, 0, 0, 0, 0, 0),
(826, 'Multiple Choice Single Answer', '', '', 0, 0, 0, 0, 0, 0),
(827, 'Multiple Choice Single Answer', '', '', 0, 0, 0, 0, 0, 0),
(828, 'Multiple Choice Single Answer', '', '', 0, 0, 0, 0, 0, 0),
(829, 'Multiple Choice Single Answer', '', '', 0, 0, 0, 0, 0, 0),
(830, 'Multiple Choice Single Answer', '', '', 0, 0, 0, 0, 0, 0),
(831, 'Multiple Choice Single Answer', 'F', '؉', 0, 0, 0, 0, 0, 0),
(832, 'Multiple Choice Single Answer', 'K', '', 0, 0, 0, 0, 0, 0),
(833, 'Multiple Choice Single Answer', '', '', 0, 0, 0, 0, 0, 0),
(834, 'Multiple Choice Single Answer', '', '', 0, 0, 0, 0, 0, 0),
(835, 'Multiple Choice Single Answer', '', '', 0, 0, 0, 0, 0, 0),
(836, 'Multiple Choice Single Answer', '', '', 0, 0, 0, 0, 0, 0),
(837, 'Multiple Choice Single Answer', '', '', 0, 0, 0, 0, 0, 0),
(838, 'Multiple Choice Single Answer', '', '', 0, 0, 0, 0, 0, 0),
(839, 'Multiple Choice Single Answer', '', 'w', 0, 0, 0, 0, 0, 0),
(840, 'Multiple Choice Single Answer', 't', '', 0, 0, 0, 0, 0, 0),
(841, 'Multiple Choice Single Answer', 'ӆ}', '', 0, 0, 0, 0, 0, 0),
(842, 'Multiple Choice Single Answer', '', '', 0, 0, 0, 0, 0, 0),
(843, 'Multiple Choice Single Answer', 'K', '2p', 0, 0, 0, 0, 0, 0),
(844, 'Multiple Choice Single Answer', '', '', 0, 0, 0, 0, 0, 0),
(845, 'Multiple Choice Single Answer', '', '', 0, 0, 0, 0, 0, 0),
(846, 'Multiple Choice Single Answer', '', '', 0, 0, 0, 0, 0, 0),
(847, 'Multiple Choice Single Answer', '', '', 0, 0, 0, 0, 0, 0),
(848, 'Multiple Choice Single Answer', '', '', 0, 0, 0, 0, 0, 0),
(849, 'Multiple Choice Single Answer', '', '<	', 0, 0, 0, 0, 0, 0),
(850, 'Multiple Choice Single Answer', 'ϥ', '', 0, 0, 0, 0, 0, 0),
(851, 'Multiple Choice Single Answer', 'r', '', 0, 0, 0, 0, 0, 0),
(852, 'Multiple Choice Single Answer', '', '', 0, 0, 0, 0, 0, 0),
(853, 'Multiple Choice Single Answer', '', '', 0, 0, 0, 0, 0, 0),
(854, 'Multiple Choice Single Answer', '', '', 0, 0, 0, 0, 0, 0),
(855, 'Multiple Choice Single Answer', '', '', 0, 0, 0, 0, 0, 0),
(856, 'Multiple Choice Single Answer', '', '', 0, 0, 0, 0, 0, 0),
(857, 'Multiple Choice Single Answer', '', '', 0, 0, 0, 0, 0, 0),
(858, 'Multiple Choice Single Answer', '', '', 0, 0, 0, 0, 0, 0),
(859, 'Multiple Choice Single Answer', '', '', 0, 0, 0, 0, 0, 0),
(860, 'Multiple Choice Single Answer', '', '', 0, 0, 0, 0, 0, 0),
(861, 'Multiple Choice Single Answer', '>', '', 0, 0, 0, 0, 0, 0),
(862, 'Multiple Choice Single Answer', '', '', 0, 0, 0, 0, 0, 0),
(863, 'Multiple Choice Single Answer', '', '', 0, 0, 0, 0, 0, 0),
(864, 'Multiple Choice Single Answer', '', '', 0, 0, 0, 0, 0, 0),
(865, 'Multiple Choice Single Answer', '', '', 0, 0, 0, 0, 0, 0),
(866, 'Multiple Choice Single Answer', '', '', 0, 0, 0, 0, 0, 0),
(867, 'Multiple Choice Single Answer', '', '', 0, 0, 0, 0, 0, 0),
(868, 'Multiple Choice Single Answer', '', '', 0, 0, 0, 0, 0, 0),
(869, 'Multiple Choice Single Answer', 'T՚Zڢ', '', 0, 0, 0, 0, 0, 0),
(870, 'Multiple Choice Single Answer', '', '', 0, 0, 0, 0, 0, 0),
(871, 'Multiple Choice Single Answer', '', '', 0, 0, 0, 0, 0, 0),
(872, 'Multiple Choice Single Answer', '', '', 0, 0, 0, 0, 0, 0),
(873, 'Multiple Choice Single Answer', '', '܎k2', 0, 0, 0, 0, 0, 0),
(874, 'Multiple Choice Single Answer', '', '', 0, 0, 0, 0, 0, 0),
(875, 'Multiple Choice Single Answer', 'aFn5', '', 0, 0, 0, 0, 0, 0),
(876, 'Multiple Choice Single Answer', 'Zl', '', 0, 0, 0, 0, 0, 0),
(877, 'Multiple Choice Single Answer', '', '', 0, 0, 0, 0, 0, 0),
(878, 'Multiple Choice Single Answer', '', '', 0, 0, 0, 0, 0, 0),
(879, 'Multiple Choice Single Answer', '', '', 0, 0, 0, 0, 0, 0),
(880, 'Multiple Choice Single Answer', 'Yǚ', '7Z', 0, 0, 0, 0, 0, 0),
(881, 'Multiple Choice Single Answer', '', '', 0, 0, 0, 0, 0, 0),
(882, 'Multiple Choice Single Answer', ',#q', 'զ', 0, 0, 0, 0, 0, 0),
(883, 'Multiple Choice Single Answer', '|./d8', '', 0, 0, 0, 0, 0, 0),
(884, 'Multiple Choice Single Answer', '', '', 0, 0, 0, 0, 0, 0),
(885, 'Multiple Choice Single Answer', '=#7', '', 0, 0, 0, 0, 0, 0),
(886, 'Multiple Choice Single Answer', '', '', 0, 0, 0, 0, 0, 0),
(887, 'Multiple Choice Single Answer', '', '', 0, 0, 0, 0, 0, 0),
(888, 'Multiple Choice Single Answer', '', '', 0, 0, 0, 0, 0, 0),
(889, 'Multiple Choice Single Answer', '', '', 0, 0, 0, 0, 0, 0),
(890, 'Multiple Choice Single Answer', '', '', 0, 0, 0, 0, 0, 0),
(891, 'Multiple Choice Single Answer', '', '', 0, 0, 0, 0, 0, 0),
(892, 'Multiple Choice Single Answer', '?J+', '', 0, 0, 0, 0, 0, 0),
(893, 'Multiple Choice Single Answer', '', '', 0, 0, 0, 0, 0, 0),
(894, 'Multiple Choice Single Answer', '', '', 0, 0, 0, 0, 0, 0),
(895, 'Multiple Choice Single Answer', '', '', 0, 0, 0, 0, 0, 0),
(896, 'Multiple Choice Single Answer', 'Ɉs', '', 0, 0, 0, 0, 0, 0),
(897, 'Multiple Choice Single Answer', '', '', 0, 0, 0, 0, 0, 0),
(898, 'Multiple Choice Single Answer', '\Zq', '', 0, 0, 0, 0, 0, 0),
(899, 'Multiple Choice Single Answer', 'Y&#39;', '	', 0, 0, 0, 0, 0, 0),
(900, 'Multiple Choice Single Answer', '', '', 0, 0, 0, 0, 0, 0),
(901, 'Multiple Choice Single Answer', '', '', 0, 0, 0, 0, 0, 0),
(902, 'Multiple Choice Single Answer', '', '', 0, 0, 0, 0, 0, 0),
(903, 'Multiple Choice Single Answer', '', '', 0, 0, 0, 0, 0, 0),
(904, 'Multiple Choice Single Answer', '', '', 0, 0, 0, 0, 0, 0),
(905, 'Multiple Choice Single Answer', '׃!\r', '', 0, 0, 0, 0, 0, 0),
(906, 'Multiple Choice Single Answer', '', '', 0, 0, 0, 0, 0, 0),
(907, 'Multiple Choice Single Answer', 'F', '', 0, 0, 0, 0, 0, 0),
(908, 'Multiple Choice Single Answer', ' $x@', '', 0, 0, 0, 0, 0, 0),
(909, 'Multiple Choice Single Answer', '', '', 0, 0, 0, 0, 0, 0),
(910, 'Multiple Choice Single Answer', '', 'B', 0, 0, 0, 0, 0, 0),
(911, 'Multiple Choice Single Answer', '', '', 0, 0, 0, 0, 0, 0),
(912, 'Multiple Choice Single Answer', '', '', 0, 0, 0, 0, 0, 0),
(913, 'Multiple Choice Single Answer', '', '', 0, 0, 0, 0, 0, 0),
(914, 'Multiple Choice Single Answer', '', '', 0, 0, 0, 0, 0, 0),
(915, 'Multiple Choice Single Answer', '', '', 0, 0, 0, 0, 0, 0),
(916, 'Multiple Choice Single Answer', '', '', 0, 0, 0, 0, 0, 0),
(917, 'Multiple Choice Single Answer', 'ok', '', 0, 0, 0, 0, 0, 0),
(918, 'Multiple Choice Single Answer', '', '', 0, 0, 0, 0, 0, 0),
(919, 'Multiple Choice Single Answer', 'E', '', 0, 0, 0, 0, 0, 0),
(920, 'Multiple Choice Single Answer', '', '', 0, 0, 0, 0, 0, 0),
(921, 'Multiple Choice Single Answer', '', '', 0, 0, 0, 0, 0, 0),
(922, 'Multiple Choice Single Answer', '', '', 0, 0, 0, 0, 0, 0),
(923, 'Multiple Choice Single Answer', '', '', 0, 0, 0, 0, 0, 0),
(924, 'Multiple Choice Single Answer', '', '', 0, 0, 0, 0, 0, 0),
(925, 'Multiple Choice Single Answer', '', '', 0, 0, 0, 0, 0, 0),
(926, 'Multiple Choice Single Answer', '', '', 0, 0, 0, 0, 0, 0),
(927, 'Multiple Choice Single Answer', '\r', '5', 0, 0, 0, 0, 0, 0),
(928, 'Multiple Choice Single Answer', 'Xk', '', 0, 0, 0, 0, 0, 0),
(929, 'Multiple Choice Single Answer', '', '', 0, 0, 0, 0, 0, 0),
(930, 'Multiple Choice Single Answer', '', '', 0, 0, 0, 0, 0, 0),
(931, 'Multiple Choice Single Answer', '', '', 0, 0, 0, 0, 0, 0),
(932, 'Multiple Choice Single Answer', '', '', 0, 0, 0, 0, 0, 0),
(933, 'Multiple Choice Single Answer', '', '', 0, 0, 0, 0, 0, 0),
(934, 'Multiple Choice Single Answer', '', '', 0, 0, 0, 0, 0, 0),
(935, 'Multiple Choice Single Answer', '', '', 0, 0, 0, 0, 0, 0),
(936, 'Multiple Choice Single Answer', 'X', '', 0, 0, 0, 0, 0, 0),
(937, 'Multiple Choice Single Answer', '', '', 0, 0, 0, 0, 0, 0),
(938, 'Multiple Choice Single Answer', '', 'e-', 0, 0, 0, 0, 0, 0),
(939, 'Multiple Choice Single Answer', 'u', 'Fc', 0, 0, 0, 0, 0, 0),
(940, 'Multiple Choice Single Answer', '', '', 0, 0, 0, 0, 0, 0),
(941, 'Multiple Choice Single Answer', '', '', 0, 0, 0, 0, 0, 0),
(942, 'Multiple Choice Single Answer', '', '', 0, 0, 0, 0, 0, 0),
(943, 'Multiple Choice Single Answer', '', '', 0, 0, 0, 0, 0, 0),
(944, 'Multiple Choice Single Answer', '', '_v', 0, 0, 0, 0, 0, 0),
(945, 'Multiple Choice Single Answer', '', '', 0, 0, 0, 0, 0, 0),
(946, 'Multiple Choice Single Answer', '', '', 0, 0, 0, 0, 0, 0),
(947, 'Multiple Choice Single Answer', '', '', 0, 0, 0, 0, 0, 0),
(948, 'Multiple Choice Single Answer', 'd\0/{iS7ǙL', '', 0, 0, 0, 0, 0, 0),
(949, 'Multiple Choice Single Answer', '', '', 0, 0, 0, 0, 0, 0),
(950, 'Multiple Choice Single Answer', '', '', 0, 0, 0, 0, 0, 0),
(951, 'Multiple Choice Single Answer', '', '', 0, 0, 0, 0, 0, 0),
(952, 'Multiple Choice Single Answer', '', '', 0, 0, 0, 0, 0, 0),
(953, 'Multiple Choice Single Answer', '', '', 0, 0, 0, 0, 0, 0),
(954, 'Multiple Choice Single Answer', '', '', 0, 0, 0, 0, 0, 0),
(955, 'Multiple Choice Single Answer', '', '', 0, 0, 0, 0, 0, 0),
(956, 'Multiple Choice Single Answer', '', '', 0, 0, 0, 0, 0, 0),
(957, 'Multiple Choice Single Answer', '', '', 0, 0, 0, 0, 0, 0),
(958, 'Multiple Choice Single Answer', '', '', 0, 0, 0, 0, 0, 0),
(959, 'Multiple Choice Single Answer', '', '', 0, 0, 0, 0, 0, 0),
(960, 'Multiple Choice Single Answer', '', '', 0, 0, 0, 0, 0, 0),
(961, 'Multiple Choice Single Answer', '', '', 0, 0, 0, 0, 0, 0),
(962, 'Multiple Choice Single Answer', '', '', 0, 0, 0, 0, 0, 0),
(963, 'Multiple Choice Single Answer', ' \r', '', 0, 0, 0, 0, 0, 0),
(964, 'Multiple Choice Single Answer', '', '', 0, 0, 0, 0, 0, 0),
(965, 'Multiple Choice Single Answer', '', '', 0, 0, 0, 0, 0, 0),
(966, 'Multiple Choice Single Answer', '', '', 0, 0, 0, 0, 0, 0),
(967, 'Multiple Choice Single Answer', '', '', 0, 0, 0, 0, 0, 0),
(968, 'Multiple Choice Single Answer', '', 'i', 0, 0, 0, 0, 0, 0),
(969, 'Multiple Choice Single Answer', '', '', 0, 0, 0, 0, 0, 0),
(970, 'Multiple Choice Single Answer', '&', '.', 0, 0, 0, 0, 0, 0),
(971, 'Multiple Choice Single Answer', 'c[Ķ0>', '', 0, 0, 0, 0, 0, 0),
(972, 'Multiple Choice Single Answer', '', '', 0, 0, 0, 0, 0, 0),
(973, 'Multiple Choice Single Answer', 'O', '', 0, 0, 0, 0, 0, 0),
(974, 'Multiple Choice Single Answer', '', '', 0, 0, 0, 0, 0, 0),
(975, 'Multiple Choice Single Answer', '', '', 0, 0, 0, 0, 0, 0),
(976, 'Multiple Choice Single Answer', '.hoz', '&#39;', 0, 0, 0, 0, 0, 0),
(977, 'Multiple Choice Single Answer', '', '', 0, 0, 0, 0, 0, 0),
(978, 'Multiple Choice Single Answer', '', '', 0, 0, 0, 0, 0, 0),
(979, 'Multiple Choice Single Answer', ',F', '', 0, 0, 0, 0, 0, 0),
(980, 'Multiple Choice Single Answer', '', 'K', 0, 0, 0, 0, 0, 0),
(981, 'Multiple Choice Single Answer', '', '', 0, 0, 0, 0, 0, 0),
(982, 'Multiple Choice Single Answer', '', '', 0, 0, 0, 0, 0, 0),
(983, 'Multiple Choice Single Answer', '', '', 0, 0, 0, 0, 0, 0),
(984, 'Multiple Choice Single Answer', '', '', 0, 0, 0, 0, 0, 0),
(985, 'Multiple Choice Single Answer', '', '', 0, 0, 0, 0, 0, 0),
(986, 'Multiple Choice Single Answer', '', '', 0, 0, 0, 0, 0, 0),
(987, 'Multiple Choice Single Answer', '', '', 0, 0, 0, 0, 0, 0),
(988, 'Multiple Choice Single Answer', '', '', 0, 0, 0, 0, 0, 0),
(989, 'Multiple Choice Single Answer', '', '', 0, 0, 0, 0, 0, 0),
(990, 'Multiple Choice Single Answer', '嬺', '', 0, 0, 0, 0, 0, 0),
(991, 'Multiple Choice Single Answer', '', '', 0, 0, 0, 0, 0, 0),
(992, 'Multiple Choice Single Answer', '', '', 0, 0, 0, 0, 0, 0),
(993, 'Multiple Choice Single Answer', ' ', ')', 0, 0, 0, 0, 0, 0),
(994, 'Multiple Choice Single Answer', '', '', 0, 0, 0, 0, 0, 0),
(995, 'Multiple Choice Single Answer', '', '', 0, 0, 0, 0, 0, 0),
(996, 'Multiple Choice Single Answer', '', '', 0, 0, 0, 0, 0, 0),
(997, 'Multiple Choice Single Answer', '', '', 0, 0, 0, 0, 0, 0),
(998, 'Multiple Choice Single Answer', '̏', '', 0, 0, 0, 0, 0, 0),
(999, 'Multiple Choice Single Answer', '', '', 0, 0, 0, 0, 0, 0),
(1000, 'Multiple Choice Single Answer', '!', '8,j', 0, 0, 0, 0, 0, 0),
(1001, 'Multiple Choice Single Answer', '', '', 0, 0, 0, 0, 0, 0),
(1002, 'Multiple Choice Single Answer', '', '', 0, 0, 0, 0, 0, 0),
(1003, 'Multiple Choice Single Answer', ' ', '', 0, 0, 0, 0, 0, 0),
(1004, 'Multiple Choice Single Answer', '', 'Vd', 0, 0, 0, 0, 0, 0),
(1005, 'Multiple Choice Single Answer', 'B', '', 0, 0, 0, 0, 0, 0),
(1006, 'Multiple Choice Single Answer', 'M', '', 0, 0, 0, 0, 0, 0),
(1007, 'Multiple Choice Single Answer', '26', 'ev', 0, 0, 0, 0, 0, 0),
(1008, 'Multiple Choice Single Answer', 'g-', 'ޒ', 0, 0, 0, 0, 0, 0),
(1009, 'Multiple Choice Single Answer', '', '', 0, 0, 0, 0, 0, 0),
(1010, 'Multiple Choice Single Answer', '', '', 0, 0, 0, 0, 0, 0),
(1011, 'Multiple Choice Single Answer', '', '', 0, 0, 0, 0, 0, 0),
(1012, 'Multiple Choice Single Answer', '', '', 0, 0, 0, 0, 0, 0),
(1013, 'Multiple Choice Single Answer', '', '', 0, 0, 0, 0, 0, 0),
(1014, 'Multiple Choice Single Answer', '', '', 0, 0, 0, 0, 0, 0),
(1015, 'Multiple Choice Single Answer', 'V^$', '~.6', 0, 0, 0, 0, 0, 0),
(1016, 'Multiple Choice Single Answer', '!', '', 0, 0, 0, 0, 0, 0),
(1017, 'Multiple Choice Single Answer', '', '', 0, 0, 0, 0, 0, 0),
(1018, 'Multiple Choice Single Answer', '', '', 0, 0, 0, 0, 0, 0),
(1019, 'Multiple Choice Single Answer', '曘oD', '', 0, 0, 0, 0, 0, 0),
(1020, 'Multiple Choice Single Answer', '', '', 0, 0, 0, 0, 0, 0),
(1021, 'Multiple Choice Single Answer', '', '', 0, 0, 0, 0, 0, 0),
(1022, 'Multiple Choice Single Answer', '', '', 0, 0, 0, 0, 0, 0),
(1023, 'Multiple Choice Single Answer', '', '', 0, 0, 0, 0, 0, 0),
(1024, 'Multiple Choice Single Answer', '', '', 0, 0, 0, 0, 0, 0),
(1025, 'Multiple Choice Single Answer', '', '', 0, 0, 0, 0, 0, 0),
(1026, 'Multiple Choice Single Answer', '', '', 0, 0, 0, 0, 0, 0),
(1027, 'Multiple Choice Single Answer', '', '', 0, 0, 0, 0, 0, 0),
(1028, 'Multiple Choice Single Answer', '', '', 0, 0, 0, 0, 0, 0),
(1029, 'Multiple Choice Single Answer', '*', 'w1', 0, 0, 0, 0, 0, 0),
(1030, 'Multiple Choice Single Answer', '', 'q', 0, 0, 0, 0, 0, 0),
(1031, 'Multiple Choice Single Answer', '', '', 0, 0, 0, 0, 0, 0),
(1032, 'Multiple Choice Single Answer', '鹾', 'S<', 0, 0, 0, 0, 0, 0),
(1033, 'Multiple Choice Single Answer', '', '', 0, 0, 0, 0, 0, 0),
(1034, 'Multiple Choice Single Answer', '', '~', 0, 0, 0, 0, 0, 0),
(1035, 'Multiple Choice Single Answer', '', '3P', 0, 0, 0, 0, 0, 0),
(1036, 'Multiple Choice Single Answer', '*', 'ê|', 0, 0, 0, 0, 0, 0),
(1037, 'Multiple Choice Single Answer', '', '', 0, 0, 0, 0, 0, 0),
(1038, 'Multiple Choice Single Answer', '', '', 0, 0, 0, 0, 0, 0),
(1039, 'Multiple Choice Single Answer', '', '', 0, 0, 0, 0, 0, 0),
(1040, 'Multiple Choice Single Answer', '븟', '=', 0, 0, 0, 0, 0, 0),
(1041, 'Multiple Choice Single Answer', '鹳', 'k', 0, 0, 0, 0, 0, 0),
(1042, 'Multiple Choice Single Answer', '', '', 0, 0, 0, 0, 0, 0),
(1043, 'Multiple Choice Single Answer', '', '', 0, 0, 0, 0, 0, 0),
(1044, 'Multiple Choice Single Answer', '', 'T', 0, 0, 0, 0, 0, 0),
(1045, 'Multiple Choice Single Answer', '', '', 0, 0, 0, 0, 0, 0),
(1046, 'Multiple Choice Single Answer', '', 'Q', 0, 0, 0, 0, 0, 0),
(1047, 'Multiple Choice Single Answer', '«', '', 0, 0, 0, 0, 0, 0),
(1048, 'Multiple Choice Single Answer', '', '', 0, 0, 0, 0, 0, 0),
(1049, 'Multiple Choice Single Answer', '*', 'g', 0, 0, 0, 0, 0, 0),
(1050, 'Multiple Choice Single Answer', '', '', 0, 0, 0, 0, 0, 0),
(1051, 'Multiple Choice Single Answer', '', '', 0, 0, 0, 0, 0, 0),
(1052, 'Multiple Choice Single Answer', '', '', 0, 0, 0, 0, 0, 0),
(1053, 'Multiple Choice Single Answer', '', '', 0, 0, 0, 0, 0, 0),
(1054, 'Multiple Choice Single Answer', '', '', 0, 0, 0, 0, 0, 0),
(1055, 'Multiple Choice Single Answer', '', '', 0, 0, 0, 0, 0, 0),
(1056, 'Multiple Choice Single Answer', '', '', 0, 0, 0, 0, 0, 0),
(1057, 'Multiple Choice Single Answer', '', '', 0, 0, 0, 0, 0, 0),
(1058, 'Multiple Choice Single Answer', '', '', 0, 0, 0, 0, 0, 0),
(1059, 'Multiple Choice Single Answer', '', '', 0, 0, 0, 0, 0, 0),
(1060, 'Multiple Choice Single Answer', '', '', 0, 0, 0, 0, 0, 0),
(1061, 'Multiple Choice Single Answer', '', '', 0, 0, 0, 0, 0, 0),
(1062, 'Multiple Choice Single Answer', '', '', 0, 0, 0, 0, 0, 0),
(1063, 'Multiple Choice Single Answer', '', '', 0, 0, 0, 0, 0, 0),
(1064, 'Multiple Choice Single Answer', '', '', 0, 0, 0, 0, 0, 0),
(1065, 'Multiple Choice Single Answer', 'BkW', '', 0, 0, 0, 0, 0, 0),
(1066, 'Multiple Choice Single Answer', '', '', 0, 0, 0, 0, 0, 0),
(1067, 'Multiple Choice Single Answer', 'H', '', 0, 0, 0, 0, 0, 0),
(1068, 'Multiple Choice Single Answer', '', '', 0, 0, 0, 0, 0, 0),
(1069, 'Multiple Choice Single Answer', 'H', '', 0, 0, 0, 0, 0, 0),
(1070, 'Multiple Choice Single Answer', '', '', 0, 0, 0, 0, 0, 0),
(1071, 'Multiple Choice Single Answer', '.rOs', '', 0, 0, 0, 0, 0, 0),
(1072, 'Multiple Choice Single Answer', '', '', 0, 0, 0, 0, 0, 0),
(1073, 'Multiple Choice Single Answer', '', '', 0, 0, 0, 0, 0, 0),
(1074, 'Multiple Choice Single Answer', '', '', 0, 0, 0, 0, 0, 0),
(1075, 'Multiple Choice Single Answer', 'C*w', ')', 0, 0, 0, 0, 0, 0),
(1076, 'Multiple Choice Single Answer', 'ِ', '', 0, 0, 0, 0, 0, 0),
(1077, 'Multiple Choice Single Answer', '', '', 0, 0, 0, 0, 0, 0),
(1078, 'Multiple Choice Single Answer', '', '', 0, 0, 0, 0, 0, 0),
(1079, 'Multiple Choice Single Answer', '', '', 0, 0, 0, 0, 0, 0),
(1080, 'Multiple Choice Single Answer', '', '', 0, 0, 0, 0, 0, 0),
(1081, 'Multiple Choice Single Answer', 'D', '', 0, 0, 0, 0, 0, 0),
(1082, 'Multiple Choice Single Answer', '', 'o', 0, 0, 0, 0, 0, 0),
(1083, 'Multiple Choice Single Answer', 'l', '', 0, 0, 0, 0, 0, 0),
(1084, 'Multiple Choice Single Answer', '', '', 0, 0, 0, 0, 0, 0),
(1085, 'Multiple Choice Single Answer', '5rn', '7r', 0, 0, 0, 0, 0, 0),
(1086, 'Multiple Choice Single Answer', '', '', 0, 0, 0, 0, 0, 0),
(1087, 'Multiple Choice Single Answer', '', '', 0, 0, 0, 0, 0, 0),
(1088, 'Multiple Choice Single Answer', '', '', 0, 0, 0, 0, 0, 0),
(1089, 'Multiple Choice Single Answer', '', '', 0, 0, 0, 0, 0, 0),
(1090, 'Multiple Choice Single Answer', '', '', 0, 0, 0, 0, 0, 0),
(1091, 'Multiple Choice Single Answer', '', '', 0, 0, 0, 0, 0, 0),
(1092, 'Multiple Choice Single Answer', '', '', 0, 0, 0, 0, 0, 0),
(1093, 'Multiple Choice Single Answer', '', '', 0, 0, 0, 0, 0, 0),
(1094, 'Multiple Choice Single Answer', '', '', 0, 0, 0, 0, 0, 0),
(1095, 'Multiple Choice Single Answer', '', '', 0, 0, 0, 0, 0, 0),
(1096, 'Multiple Choice Single Answer', '', '', 0, 0, 0, 0, 0, 0),
(1097, 'Multiple Choice Single Answer', '', '', 0, 0, 0, 0, 0, 0),
(1098, 'Multiple Choice Single Answer', '', '', 0, 0, 0, 0, 0, 0),
(1099, 'Multiple Choice Single Answer', '', '', 0, 0, 0, 0, 0, 0),
(1100, 'Multiple Choice Single Answer', '', '', 0, 0, 0, 0, 0, 0),
(1101, 'Multiple Choice Single Answer', '', '', 0, 0, 0, 0, 0, 0),
(1102, 'Multiple Choice Single Answer', '', '', 0, 0, 0, 0, 0, 0),
(1103, 'Multiple Choice Single Answer', '', '', 0, 0, 0, 0, 0, 0),
(1104, 'Multiple Choice Single Answer', '', '', 0, 0, 0, 0, 0, 0),
(1105, 'Multiple Choice Single Answer', '', '', 0, 0, 0, 0, 0, 0),
(1106, 'Multiple Choice Single Answer', '', '', 0, 0, 0, 0, 0, 0),
(1107, 'Multiple Choice Single Answer', '', '', 0, 0, 0, 0, 0, 0),
(1108, 'Multiple Choice Single Answer', '', '', 0, 0, 0, 0, 0, 0),
(1109, 'Multiple Choice Single Answer', '', '', 0, 0, 0, 0, 0, 0),
(1110, 'Multiple Choice Single Answer', '', '', 0, 0, 0, 0, 0, 0),
(1111, 'Multiple Choice Single Answer', '', '', 0, 0, 0, 0, 0, 0),
(1112, 'Multiple Choice Single Answer', '', '', 0, 0, 0, 0, 0, 0),
(1113, 'Multiple Choice Single Answer', '', '', 0, 0, 0, 0, 0, 0),
(1114, 'Multiple Choice Single Answer', '', '', 0, 0, 0, 0, 0, 0),
(1115, 'Multiple Choice Single Answer', '', '', 0, 0, 0, 0, 0, 0),
(1116, 'Multiple Choice Single Answer', '', '', 0, 0, 0, 0, 0, 0),
(1117, 'Multiple Choice Single Answer', '', '', 0, 0, 0, 0, 0, 0),
(1118, 'Multiple Choice Single Answer', '', '', 0, 0, 0, 0, 0, 0),
(1119, 'Multiple Choice Single Answer', '', '', 0, 0, 0, 0, 0, 0),
(1120, 'Multiple Choice Single Answer', '', '', 0, 0, 0, 0, 0, 0),
(1121, 'Multiple Choice Single Answer', '', '', 0, 0, 0, 0, 0, 0),
(1122, 'Multiple Choice Single Answer', '', '', 0, 0, 0, 0, 0, 0),
(1123, 'Multiple Choice Single Answer', '', '', 0, 0, 0, 0, 0, 0),
(1124, 'Multiple Choice Single Answer', '', '', 0, 0, 0, 0, 0, 0),
(1125, 'Multiple Choice Single Answer', '', '', 0, 0, 0, 0, 0, 0),
(1126, 'Multiple Choice Single Answer', '', '', 0, 0, 0, 0, 0, 0),
(1127, 'Multiple Choice Single Answer', '', '', 0, 0, 0, 0, 0, 0),
(1128, 'Multiple Choice Single Answer', '', '', 0, 0, 0, 0, 0, 0),
(1129, 'Multiple Choice Single Answer', '', '', 0, 0, 0, 0, 0, 0),
(1130, 'Multiple Choice Single Answer', '', '', 0, 0, 0, 0, 0, 0),
(1131, 'Multiple Choice Single Answer', '', '', 0, 0, 0, 0, 0, 0),
(1132, 'Multiple Choice Single Answer', '', '', 0, 0, 0, 0, 0, 0),
(1133, 'Multiple Choice Single Answer', '', '', 0, 0, 0, 0, 0, 0),
(1134, 'Multiple Choice Single Answer', '', '', 0, 0, 0, 0, 0, 0),
(1135, 'Multiple Choice Single Answer', '', '', 0, 0, 0, 0, 0, 0),
(1136, 'Multiple Choice Single Answer', '', '', 0, 0, 0, 0, 0, 0),
(1137, 'Multiple Choice Single Answer', '', '', 0, 0, 0, 0, 0, 0),
(1138, 'Multiple Choice Single Answer', '', '', 0, 0, 0, 0, 0, 0),
(1139, 'Multiple Choice Single Answer', '', '', 0, 0, 0, 0, 0, 0),
(1140, 'Multiple Choice Single Answer', '', '', 0, 0, 0, 0, 0, 0),
(1141, 'Multiple Choice Single Answer', '', '', 0, 0, 0, 0, 0, 0),
(1142, 'Multiple Choice Single Answer', '', '', 0, 0, 0, 0, 0, 0),
(1143, 'Multiple Choice Single Answer', 'G1', '', 0, 0, 0, 0, 0, 0),
(1144, 'Multiple Choice Single Answer', '', '', 0, 0, 0, 0, 0, 0),
(1145, 'Multiple Choice Single Answer', '', '', 0, 0, 0, 0, 0, 0),
(1146, 'Multiple Choice Single Answer', '', '', 0, 0, 0, 0, 0, 0),
(1147, 'Multiple Choice Single Answer', '', '', 0, 0, 0, 0, 0, 0),
(1148, 'Multiple Choice Single Answer', '', '', 0, 0, 0, 0, 0, 0),
(1149, 'Multiple Choice Single Answer', '', '', 0, 0, 0, 0, 0, 0),
(1150, 'Multiple Choice Single Answer', '', '', 0, 0, 0, 0, 0, 0),
(1151, 'Multiple Choice Single Answer', '', '', 0, 0, 0, 0, 0, 0),
(1152, 'Multiple Choice Single Answer', '', '', 0, 0, 0, 0, 0, 0),
(1153, 'Multiple Choice Single Answer', '', '', 0, 0, 0, 0, 0, 0),
(1154, 'Multiple Choice Single Answer', '', '', 0, 0, 0, 0, 0, 0),
(1155, 'Multiple Choice Single Answer', '', '', 0, 0, 0, 0, 0, 0),
(1156, 'Multiple Choice Single Answer', '', '', 0, 0, 0, 0, 0, 0),
(1157, 'Multiple Choice Single Answer', '', '', 0, 0, 0, 0, 0, 0),
(1158, 'Multiple Choice Single Answer', '', '', 0, 0, 0, 0, 0, 0),
(1159, 'Multiple Choice Single Answer', '', '', 0, 0, 0, 0, 0, 0),
(1160, 'Multiple Choice Single Answer', '', '', 0, 0, 0, 0, 0, 0),
(1161, 'Multiple Choice Single Answer', '', '', 0, 0, 0, 0, 0, 0),
(1162, 'Multiple Choice Single Answer', '', '', 0, 0, 0, 0, 0, 0),
(1163, 'Multiple Choice Single Answer', '', '', 0, 0, 0, 0, 0, 0),
(1164, 'Multiple Choice Single Answer', '', '', 0, 0, 0, 0, 0, 0),
(1165, 'Multiple Choice Single Answer', '', '', 0, 0, 0, 0, 0, 0),
(1166, 'Multiple Choice Single Answer', '', '', 0, 0, 0, 0, 0, 0),
(1167, 'Multiple Choice Single Answer', '', '', 0, 0, 0, 0, 0, 0),
(1168, 'Multiple Choice Single Answer', '', '', 0, 0, 0, 0, 0, 0),
(1169, 'Multiple Choice Single Answer', '', '', 0, 0, 0, 0, 0, 0),
(1170, 'Multiple Choice Single Answer', '', '', 0, 0, 0, 0, 0, 0),
(1171, 'Multiple Choice Single Answer', '', '', 0, 0, 0, 0, 0, 0),
(1172, 'Multiple Choice Single Answer', '', '', 0, 0, 0, 0, 0, 0),
(1173, 'Multiple Choice Single Answer', '', '', 0, 0, 0, 0, 0, 0),
(1174, 'Multiple Choice Single Answer', '', '', 0, 0, 0, 0, 0, 0),
(1175, 'Multiple Choice Single Answer', '', '', 0, 0, 0, 0, 0, 0),
(1176, 'Multiple Choice Single Answer', '', '', 0, 0, 0, 0, 0, 0),
(1177, 'Multiple Choice Single Answer', '', '', 0, 0, 0, 0, 0, 0),
(1178, 'Multiple Choice Single Answer', '', '', 0, 0, 0, 0, 0, 0),
(1179, 'Multiple Choice Single Answer', '', '', 0, 0, 0, 0, 0, 0),
(1180, 'Multiple Choice Single Answer', '', '', 0, 0, 0, 0, 0, 0),
(1181, 'Multiple Choice Single Answer', '', '', 0, 0, 0, 0, 0, 0),
(1182, 'Multiple Choice Single Answer', '', '', 0, 0, 0, 0, 0, 0),
(1183, 'Multiple Choice Single Answer', '', '', 0, 0, 0, 0, 0, 0),
(1184, 'Multiple Choice Single Answer', '', '', 0, 0, 0, 0, 0, 0),
(1185, 'Multiple Choice Single Answer', '', '', 0, 0, 0, 0, 0, 0),
(1186, 'Multiple Choice Single Answer', '', '', 0, 0, 0, 0, 0, 0),
(1187, 'Multiple Choice Single Answer', '', '', 0, 0, 0, 0, 0, 0),
(1188, 'Multiple Choice Single Answer', '', '', 0, 0, 0, 0, 0, 0),
(1189, 'Multiple Choice Single Answer', '', '', 0, 0, 0, 0, 0, 0),
(1190, 'Multiple Choice Single Answer', '', '', 0, 0, 0, 0, 0, 0),
(1191, 'Multiple Choice Single Answer', '', '', 0, 0, 0, 0, 0, 0),
(1192, 'Multiple Choice Single Answer', '', '', 0, 0, 0, 0, 0, 0),
(1193, 'Multiple Choice Single Answer', '', '', 0, 0, 0, 0, 0, 0),
(1194, 'Multiple Choice Single Answer', '', '', 0, 0, 0, 0, 0, 0),
(1195, 'Multiple Choice Single Answer', '', '', 0, 0, 0, 0, 0, 0),
(1196, 'Multiple Choice Single Answer', '', '', 0, 0, 0, 0, 0, 0),
(1197, 'Multiple Choice Single Answer', '', '', 0, 0, 0, 0, 0, 0),
(1198, 'Multiple Choice Single Answer', '', '', 0, 0, 0, 0, 0, 0),
(1199, 'Multiple Choice Single Answer', '', '', 0, 0, 0, 0, 0, 0),
(1200, 'Multiple Choice Single Answer', '', '', 0, 0, 0, 0, 0, 0),
(1201, 'Multiple Choice Single Answer', '', '', 0, 0, 0, 0, 0, 0),
(1202, 'Multiple Choice Single Answer', '', '', 0, 0, 0, 0, 0, 0),
(1203, 'Multiple Choice Single Answer', '', '', 0, 0, 0, 0, 0, 0),
(1204, 'Multiple Choice Single Answer', '', '', 0, 0, 0, 0, 0, 0),
(1205, 'Multiple Choice Single Answer', '', '', 0, 0, 0, 0, 0, 0),
(1206, 'Multiple Choice Single Answer', '', '', 0, 0, 0, 0, 0, 0),
(1207, 'Multiple Choice Single Answer', '', '', 0, 0, 0, 0, 0, 0),
(1208, 'Multiple Choice Single Answer', '', '', 0, 0, 0, 0, 0, 0),
(1209, 'Multiple Choice Single Answer', '', '', 0, 0, 0, 0, 0, 0),
(1210, 'Multiple Choice Single Answer', '', '', 0, 0, 0, 0, 0, 0),
(1211, 'Multiple Choice Single Answer', '', '', 0, 0, 0, 0, 0, 0),
(1212, 'Multiple Choice Single Answer', '', '', 0, 0, 0, 0, 0, 0),
(1213, 'Multiple Choice Single Answer', '', '', 0, 0, 0, 0, 0, 0),
(1214, 'Multiple Choice Single Answer', '', '', 0, 0, 0, 0, 0, 0),
(1215, 'Multiple Choice Single Answer', '', '', 0, 0, 0, 0, 0, 0),
(1216, 'Multiple Choice Single Answer', '', '', 0, 0, 0, 0, 0, 0),
(1217, 'Multiple Choice Single Answer', '', '', 0, 0, 0, 0, 0, 0),
(1218, 'Multiple Choice Single Answer', '', '', 0, 0, 0, 0, 0, 0),
(1219, 'Multiple Choice Single Answer', '', '', 0, 0, 0, 0, 0, 0),
(1220, 'Multiple Choice Single Answer', '}U', '', 0, 0, 0, 0, 0, 0),
(1221, 'Multiple Choice Single Answer', '', '', 0, 0, 0, 0, 0, 0),
(1222, 'Multiple Choice Single Answer', '', '', 0, 0, 0, 0, 0, 0),
(1223, 'Multiple Choice Single Answer', '', '', 0, 0, 0, 0, 0, 0),
(1224, 'Multiple Choice Single Answer', '', '', 0, 0, 0, 0, 0, 0),
(1225, 'Multiple Choice Single Answer', '', '', 0, 0, 0, 0, 0, 0),
(1226, 'Multiple Choice Single Answer', '', '', 0, 0, 0, 0, 0, 0),
(1227, 'Multiple Choice Single Answer', '', '', 0, 0, 0, 0, 0, 0),
(1228, 'Multiple Choice Single Answer', '', '', 0, 0, 0, 0, 0, 0),
(1229, 'Multiple Choice Single Answer', '', '', 0, 0, 0, 0, 0, 0),
(1230, 'Multiple Choice Single Answer', '', '', 0, 0, 0, 0, 0, 0),
(1231, 'Multiple Choice Single Answer', '', '', 0, 0, 0, 0, 0, 0),
(1232, 'Multiple Choice Single Answer', '', '', 0, 0, 0, 0, 0, 0),
(1233, 'Multiple Choice Single Answer', '', '', 0, 0, 0, 0, 0, 0),
(1234, 'Multiple Choice Single Answer', '', '', 0, 0, 0, 0, 0, 0),
(1235, 'Multiple Choice Single Answer', '', '', 0, 0, 0, 0, 0, 0),
(1236, 'Multiple Choice Single Answer', '', '', 0, 0, 0, 0, 0, 0),
(1237, 'Multiple Choice Single Answer', '', '', 0, 0, 0, 0, 0, 0),
(1238, 'Multiple Choice Single Answer', '', '', 0, 0, 0, 0, 0, 0),
(1239, 'Multiple Choice Single Answer', '', '', 0, 0, 0, 0, 0, 0),
(1240, 'Multiple Choice Single Answer', '', '', 0, 0, 0, 0, 0, 0),
(1241, 'Multiple Choice Single Answer', '', '', 0, 0, 0, 0, 0, 0),
(1242, 'Multiple Choice Single Answer', '', '', 0, 0, 0, 0, 0, 0),
(1243, 'Multiple Choice Single Answer', '', '', 0, 0, 0, 0, 0, 0),
(1244, 'Multiple Choice Single Answer', '', '', 0, 0, 0, 0, 0, 0),
(1245, 'Multiple Choice Single Answer', '', '', 0, 0, 0, 0, 0, 0),
(1246, 'Multiple Choice Single Answer', '', '', 0, 0, 0, 0, 0, 0),
(1247, 'Multiple Choice Single Answer', '', '', 0, 0, 0, 0, 0, 0),
(1248, 'Multiple Choice Single Answer', '', '', 0, 0, 0, 0, 0, 0),
(1249, 'Multiple Choice Single Answer', '', '', 0, 0, 0, 0, 0, 0),
(1250, 'Multiple Choice Single Answer', '', '', 0, 0, 0, 0, 0, 0),
(1251, 'Multiple Choice Single Answer', '', '', 0, 0, 0, 0, 0, 0),
(1252, 'Multiple Choice Single Answer', '', '', 0, 0, 0, 0, 0, 0),
(1253, 'Multiple Choice Single Answer', '', '', 0, 0, 0, 0, 0, 0),
(1254, 'Multiple Choice Single Answer', '', '', 0, 0, 0, 0, 0, 0),
(1255, 'Multiple Choice Single Answer', '', '', 0, 0, 0, 0, 0, 0),
(1256, 'Multiple Choice Single Answer', '', '', 0, 0, 0, 0, 0, 0),
(1257, 'Multiple Choice Single Answer', '', '', 0, 0, 0, 0, 0, 0),
(1258, 'Multiple Choice Single Answer', '', '', 0, 0, 0, 0, 0, 0),
(1259, 'Multiple Choice Single Answer', '', '', 0, 0, 0, 0, 0, 0),
(1260, 'Multiple Choice Single Answer', '', '', 0, 0, 0, 0, 0, 0),
(1261, 'Multiple Choice Single Answer', '', '', 0, 0, 0, 0, 0, 0),
(1262, 'Multiple Choice Single Answer', '', '', 0, 0, 0, 0, 0, 0),
(1263, 'Multiple Choice Single Answer', '', '', 0, 0, 0, 0, 0, 0),
(1264, 'Multiple Choice Single Answer', '', '', 0, 0, 0, 0, 0, 0),
(1265, 'Multiple Choice Single Answer', '', '', 0, 0, 0, 0, 0, 0),
(1266, 'Multiple Choice Single Answer', '', '', 0, 0, 0, 0, 0, 0),
(1267, 'Multiple Choice Single Answer', '', '', 0, 0, 0, 0, 0, 0),
(1268, 'Multiple Choice Single Answer', '', '', 0, 0, 0, 0, 0, 0),
(1269, 'Multiple Choice Single Answer', '', '', 0, 0, 0, 0, 0, 0),
(1270, 'Multiple Choice Single Answer', '', '', 0, 0, 0, 0, 0, 0),
(1271, 'Multiple Choice Single Answer', '', '', 0, 0, 0, 0, 0, 0),
(1272, 'Multiple Choice Single Answer', '', '', 0, 0, 0, 0, 0, 0),
(1273, 'Multiple Choice Single Answer', '', '', 0, 0, 0, 0, 0, 0),
(1274, 'Multiple Choice Single Answer', '', '', 0, 0, 0, 0, 0, 0),
(1275, 'Multiple Choice Single Answer', '', '', 0, 0, 0, 0, 0, 0),
(1276, 'Multiple Choice Single Answer', '', '', 0, 0, 0, 0, 0, 0),
(1277, 'Multiple Choice Single Answer', '', '', 0, 0, 0, 0, 0, 0),
(1278, 'Multiple Choice Single Answer', '', '', 0, 0, 0, 0, 0, 0),
(1279, 'Multiple Choice Single Answer', '', '', 0, 0, 0, 0, 0, 0),
(1280, 'Multiple Choice Single Answer', '', '', 0, 0, 0, 0, 0, 0),
(1281, 'Multiple Choice Single Answer', '', '', 0, 0, 0, 0, 0, 0),
(1282, 'Multiple Choice Single Answer', 'In', 'v^', 0, 0, 0, 0, 0, 0),
(1283, 'Multiple Choice Single Answer', '', '', 0, 0, 0, 0, 0, 0),
(1284, 'Multiple Choice Single Answer', '', '', 0, 0, 0, 0, 0, 0),
(1285, 'Multiple Choice Single Answer', '', '', 0, 0, 0, 0, 0, 0),
(1286, 'Multiple Choice Single Answer', '', '', 0, 0, 0, 0, 0, 0),
(1287, 'Multiple Choice Single Answer', '', '', 0, 0, 0, 0, 0, 0),
(1288, 'Multiple Choice Single Answer', '', '', 0, 0, 0, 0, 0, 0),
(1289, 'Multiple Choice Single Answer', '', '', 0, 0, 0, 0, 0, 0),
(1290, 'Multiple Choice Single Answer', '', '', 0, 0, 0, 0, 0, 0),
(1291, 'Multiple Choice Single Answer', '', '', 0, 0, 0, 0, 0, 0),
(1292, 'Multiple Choice Single Answer', '', '', 0, 0, 0, 0, 0, 0),
(1293, 'Multiple Choice Single Answer', '', '', 0, 0, 0, 0, 0, 0),
(1294, 'Multiple Choice Single Answer', '', '', 0, 0, 0, 0, 0, 0),
(1295, 'Multiple Choice Single Answer', '', '', 0, 0, 0, 0, 0, 0),
(1296, 'Multiple Choice Single Answer', '', '', 0, 0, 0, 0, 0, 0),
(1297, 'Multiple Choice Single Answer', '', '', 0, 0, 0, 0, 0, 0),
(1298, 'Multiple Choice Single Answer', '', '', 0, 0, 0, 0, 0, 0),
(1299, 'Multiple Choice Single Answer', '', '', 0, 0, 0, 0, 0, 0),
(1300, 'Multiple Choice Single Answer', '', '', 0, 0, 0, 0, 0, 0),
(1301, 'Multiple Choice Single Answer', '', '', 0, 0, 0, 0, 0, 0),
(1302, 'Multiple Choice Single Answer', '', '', 0, 0, 0, 0, 0, 0),
(1303, 'Multiple Choice Single Answer', '', '', 0, 0, 0, 0, 0, 0),
(1304, 'Multiple Choice Single Answer', '', '', 0, 0, 0, 0, 0, 0),
(1305, 'Multiple Choice Single Answer', '', '', 0, 0, 0, 0, 0, 0),
(1306, 'Multiple Choice Single Answer', '', '', 0, 0, 0, 0, 0, 0),
(1307, 'Multiple Choice Single Answer', '', '', 0, 0, 0, 0, 0, 0),
(1308, 'Multiple Choice Single Answer', '', '', 0, 0, 0, 0, 0, 0),
(1309, 'Multiple Choice Single Answer', '', '', 0, 0, 0, 0, 0, 0),
(1310, 'Multiple Choice Single Answer', '', '', 0, 0, 0, 0, 0, 0),
(1311, 'Multiple Choice Single Answer', '', '', 0, 0, 0, 0, 0, 0),
(1312, 'Multiple Choice Single Answer', '', '', 0, 0, 0, 0, 0, 0),
(1313, 'Multiple Choice Single Answer', '', '', 0, 0, 0, 0, 0, 0),
(1314, 'Multiple Choice Single Answer', '', '', 0, 0, 0, 0, 0, 0),
(1315, 'Multiple Choice Single Answer', '', '', 0, 0, 0, 0, 0, 0),
(1316, 'Multiple Choice Single Answer', '', '', 0, 0, 0, 0, 0, 0),
(1317, 'Multiple Choice Single Answer', '', '', 0, 0, 0, 0, 0, 0),
(1318, 'Multiple Choice Single Answer', '', '', 0, 0, 0, 0, 0, 0),
(1319, 'Multiple Choice Single Answer', '', '', 0, 0, 0, 0, 0, 0),
(1320, 'Multiple Choice Single Answer', '', '', 0, 0, 0, 0, 0, 0),
(1321, 'Multiple Choice Single Answer', '', '', 0, 0, 0, 0, 0, 0),
(1322, 'Multiple Choice Single Answer', '', '', 0, 0, 0, 0, 0, 0),
(1323, 'Multiple Choice Single Answer', '', '', 0, 0, 0, 0, 0, 0),
(1324, 'Multiple Choice Single Answer', '', '', 0, 0, 0, 0, 0, 0),
(1325, 'Multiple Choice Single Answer', '', '', 0, 0, 0, 0, 0, 0),
(1326, 'Multiple Choice Single Answer', '', '', 0, 0, 0, 0, 0, 0),
(1327, 'Multiple Choice Single Answer', '', '', 0, 0, 0, 0, 0, 0),
(1328, 'Multiple Choice Single Answer', '', '', 0, 0, 0, 0, 0, 0),
(1329, 'Multiple Choice Single Answer', '', '', 0, 0, 0, 0, 0, 0),
(1330, 'Multiple Choice Single Answer', '', '', 0, 0, 0, 0, 0, 0),
(1331, 'Multiple Choice Single Answer', '', '', 0, 0, 0, 0, 0, 0),
(1332, 'Multiple Choice Single Answer', '', '', 0, 0, 0, 0, 0, 0),
(1333, 'Multiple Choice Single Answer', '', '', 0, 0, 0, 0, 0, 0),
(1334, 'Multiple Choice Single Answer', '', '', 0, 0, 0, 0, 0, 0),
(1335, 'Multiple Choice Single Answer', '', '', 0, 0, 0, 0, 0, 0),
(1336, 'Multiple Choice Single Answer', '', '', 0, 0, 0, 0, 0, 0),
(1337, 'Multiple Choice Single Answer', '', '', 0, 0, 0, 0, 0, 0),
(1338, 'Multiple Choice Single Answer', '', '', 0, 0, 0, 0, 0, 0),
(1339, 'Multiple Choice Single Answer', '', '', 0, 0, 0, 0, 0, 0),
(1340, 'Multiple Choice Single Answer', '', '', 0, 0, 0, 0, 0, 0),
(1341, 'Multiple Choice Single Answer', '', '', 0, 0, 0, 0, 0, 0),
(1342, 'Multiple Choice Single Answer', '', '', 0, 0, 0, 0, 0, 0),
(1343, 'Multiple Choice Single Answer', '', '', 0, 0, 0, 0, 0, 0),
(1344, 'Multiple Choice Single Answer', '', '', 0, 0, 0, 0, 0, 0),
(1345, 'Multiple Choice Single Answer', '', '', 0, 0, 0, 0, 0, 0),
(1346, 'Multiple Choice Single Answer', '', '', 0, 0, 0, 0, 0, 0),
(1347, 'Multiple Choice Single Answer', '', '', 0, 0, 0, 0, 0, 0),
(1348, 'Multiple Choice Single Answer', '', '', 0, 0, 0, 0, 0, 0),
(1349, 'Multiple Choice Single Answer', '', '', 0, 0, 0, 0, 0, 0),
(1350, 'Multiple Choice Single Answer', '', '', 0, 0, 0, 0, 0, 0),
(1351, 'Multiple Choice Single Answer', '', '', 0, 0, 0, 0, 0, 0),
(1352, 'Multiple Choice Single Answer', '', '', 0, 0, 0, 0, 0, 0),
(1353, 'Multiple Choice Single Answer', '', '', 0, 0, 0, 0, 0, 0),
(1354, 'Multiple Choice Single Answer', '', '', 0, 0, 0, 0, 0, 0),
(1355, 'Multiple Choice Single Answer', '', '', 0, 0, 0, 0, 0, 0),
(1356, 'Multiple Choice Single Answer', '', '', 0, 0, 0, 0, 0, 0),
(1357, 'Multiple Choice Single Answer', 'K8qy\0', '', 0, 0, 0, 0, 0, 0),
(1358, 'Multiple Choice Single Answer', '', '', 0, 0, 0, 0, 0, 0),
(1359, 'Multiple Choice Single Answer', '', '', 0, 0, 0, 0, 0, 0),
(1360, 'Multiple Choice Single Answer', '', '', 0, 0, 0, 0, 0, 0),
(1361, 'Multiple Choice Single Answer', '', '', 0, 0, 0, 0, 0, 0),
(1362, 'Multiple Choice Single Answer', '', '', 0, 0, 0, 0, 0, 0),
(1363, 'Multiple Choice Single Answer', '', '', 0, 0, 0, 0, 0, 0),
(1364, 'Multiple Choice Single Answer', '', '', 0, 0, 0, 0, 0, 0),
(1365, 'Multiple Choice Single Answer', '', '', 0, 0, 0, 0, 0, 0),
(1366, 'Multiple Choice Single Answer', '', '', 0, 0, 0, 0, 0, 0),
(1367, 'Multiple Choice Single Answer', '', '', 0, 0, 0, 0, 0, 0),
(1368, 'Multiple Choice Single Answer', '', '', 0, 0, 0, 0, 0, 0),
(1369, 'Multiple Choice Single Answer', '', '', 0, 0, 0, 0, 0, 0),
(1370, 'Multiple Choice Single Answer', '', '', 0, 0, 0, 0, 0, 0),
(1371, 'Multiple Choice Single Answer', '', '', 0, 0, 0, 0, 0, 0),
(1372, 'Multiple Choice Single Answer', '', '', 0, 0, 0, 0, 0, 0),
(1373, 'Multiple Choice Single Answer', '', '', 0, 0, 0, 0, 0, 0),
(1374, 'Multiple Choice Single Answer', '', '', 0, 0, 0, 0, 0, 0),
(1375, 'Multiple Choice Single Answer', '', '', 0, 0, 0, 0, 0, 0),
(1376, 'Multiple Choice Single Answer', '', '', 0, 0, 0, 0, 0, 0),
(1377, 'Multiple Choice Single Answer', '', '', 0, 0, 0, 0, 0, 0),
(1378, 'Multiple Choice Single Answer', '', '', 0, 0, 0, 0, 0, 0),
(1379, 'Multiple Choice Single Answer', '', '', 0, 0, 0, 0, 0, 0),
(1380, 'Multiple Choice Single Answer', '', '', 0, 0, 0, 0, 0, 0),
(1381, 'Multiple Choice Single Answer', 'D', '', 0, 0, 0, 0, 0, 0),
(1382, 'Multiple Choice Single Answer', '', '', 0, 0, 0, 0, 0, 0),
(1383, 'Multiple Choice Single Answer', '', '', 0, 0, 0, 0, 0, 0),
(1384, 'Multiple Choice Single Answer', '', '', 0, 0, 0, 0, 0, 0),
(1385, 'Multiple Choice Single Answer', '', '', 0, 0, 0, 0, 0, 0),
(1386, 'Multiple Choice Single Answer', '', '', 0, 0, 0, 0, 0, 0),
(1387, 'Multiple Choice Single Answer', '', '', 0, 0, 0, 0, 0, 0),
(1388, 'Multiple Choice Single Answer', '', '', 0, 0, 0, 0, 0, 0),
(1389, 'Multiple Choice Single Answer', '', '', 0, 0, 0, 0, 0, 0),
(1390, 'Multiple Choice Single Answer', '', '', 0, 0, 0, 0, 0, 0),
(1391, 'Multiple Choice Single Answer', '', '', 0, 0, 0, 0, 0, 0),
(1392, 'Multiple Choice Single Answer', '', '', 0, 0, 0, 0, 0, 0),
(1393, 'Multiple Choice Single Answer', '', '', 0, 0, 0, 0, 0, 0),
(1394, 'Multiple Choice Single Answer', '', '', 0, 0, 0, 0, 0, 0),
(1395, 'Multiple Choice Single Answer', '', '', 0, 0, 0, 0, 0, 0),
(1396, 'Multiple Choice Single Answer', '', '', 0, 0, 0, 0, 0, 0),
(1397, 'Multiple Choice Single Answer', '', '', 0, 0, 0, 0, 0, 0),
(1398, 'Multiple Choice Single Answer', '', '', 0, 0, 0, 0, 0, 0),
(1399, 'Multiple Choice Single Answer', '', '', 0, 0, 0, 0, 0, 0),
(1400, 'Multiple Choice Single Answer', '', '', 0, 0, 0, 0, 0, 0),
(1401, 'Multiple Choice Single Answer', '', '', 0, 0, 0, 0, 0, 0),
(1402, 'Multiple Choice Single Answer', '', '', 0, 0, 0, 0, 0, 0),
(1403, 'Multiple Choice Single Answer', '', '', 0, 0, 0, 0, 0, 0),
(1404, 'Multiple Choice Single Answer', '', '', 0, 0, 0, 0, 0, 0),
(1405, 'Multiple Choice Single Answer', '', '', 0, 0, 0, 0, 0, 0),
(1406, 'Multiple Choice Single Answer', '', '', 0, 0, 0, 0, 0, 0),
(1407, 'Multiple Choice Single Answer', '', '', 0, 0, 0, 0, 0, 0),
(1408, 'Multiple Choice Single Answer', '', '', 0, 0, 0, 0, 0, 0),
(1409, 'Multiple Choice Single Answer', '', '', 0, 0, 0, 0, 0, 0),
(1410, 'Multiple Choice Single Answer', '', '', 0, 0, 0, 0, 0, 0),
(1411, 'Multiple Choice Single Answer', '', '', 0, 0, 0, 0, 0, 0),
(1412, 'Multiple Choice Single Answer', '', '', 0, 0, 0, 0, 0, 0),
(1413, 'Multiple Choice Single Answer', '', '', 0, 0, 0, 0, 0, 0),
(1414, 'Multiple Choice Single Answer', 'K', '', 0, 0, 0, 0, 0, 0),
(1415, 'Multiple Choice Single Answer', '', '', 0, 0, 0, 0, 0, 0),
(1416, 'Multiple Choice Single Answer', '', '', 0, 0, 0, 0, 0, 0),
(1417, 'Multiple Choice Single Answer', '', '', 0, 0, 0, 0, 0, 0),
(1418, 'Multiple Choice Single Answer', '\rU6z', '', 0, 0, 0, 0, 0, 0),
(1419, 'Multiple Choice Single Answer', '', '', 0, 0, 0, 0, 0, 0),
(1420, 'Multiple Choice Single Answer', '', '', 0, 0, 0, 0, 0, 0),
(1421, 'Multiple Choice Single Answer', '', '', 0, 0, 0, 0, 0, 0),
(1422, 'Multiple Choice Single Answer', '', '', 0, 0, 0, 0, 0, 0),
(1423, 'Multiple Choice Single Answer', '', '', 0, 0, 0, 0, 0, 0),
(1424, 'Multiple Choice Single Answer', '', '', 0, 0, 0, 0, 0, 0),
(1425, 'Multiple Choice Single Answer', '', '', 0, 0, 0, 0, 0, 0),
(1426, 'Multiple Choice Single Answer', '', '', 0, 0, 0, 0, 0, 0),
(1427, 'Multiple Choice Single Answer', '', '', 0, 0, 0, 0, 0, 0),
(1428, 'Multiple Choice Single Answer', '', '', 0, 0, 0, 0, 0, 0),
(1429, 'Multiple Choice Single Answer', '', '', 0, 0, 0, 0, 0, 0),
(1430, 'Multiple Choice Single Answer', '', '', 0, 0, 0, 0, 0, 0),
(1431, 'Multiple Choice Single Answer', '', '', 0, 0, 0, 0, 0, 0),
(1432, 'Multiple Choice Single Answer', '', '', 0, 0, 0, 0, 0, 0),
(1433, 'Multiple Choice Single Answer', '', '', 0, 0, 0, 0, 0, 0),
(1434, 'Multiple Choice Single Answer', '', '', 0, 0, 0, 0, 0, 0),
(1435, 'Multiple Choice Single Answer', '', '', 0, 0, 0, 0, 0, 0),
(1436, 'Multiple Choice Single Answer', '', '', 0, 0, 0, 0, 0, 0),
(1437, 'Multiple Choice Single Answer', '', '', 0, 0, 0, 0, 0, 0),
(1438, 'Multiple Choice Single Answer', '', '', 0, 0, 0, 0, 0, 0),
(1439, 'Multiple Choice Single Answer', '', '', 0, 0, 0, 0, 0, 0),
(1440, 'Multiple Choice Single Answer', '', '', 0, 0, 0, 0, 0, 0),
(1441, 'Multiple Choice Single Answer', '', '', 0, 0, 0, 0, 0, 0),
(1442, 'Multiple Choice Single Answer', '', '', 0, 0, 0, 0, 0, 0),
(1443, 'Multiple Choice Single Answer', '', '', 0, 0, 0, 0, 0, 0),
(1444, 'Multiple Choice Single Answer', '', '', 0, 0, 0, 0, 0, 0),
(1445, 'Multiple Choice Single Answer', '', '', 0, 0, 0, 0, 0, 0),
(1446, 'Multiple Choice Single Answer', '', '', 0, 0, 0, 0, 0, 0),
(1447, 'Multiple Choice Single Answer', '', '', 0, 0, 0, 0, 0, 0),
(1448, 'Multiple Choice Single Answer', '', '', 0, 0, 0, 0, 0, 0),
(1449, 'Multiple Choice Single Answer', '', '', 0, 0, 0, 0, 0, 0),
(1450, 'Multiple Choice Single Answer', '', '', 0, 0, 0, 0, 0, 0),
(1451, 'Multiple Choice Single Answer', '', '', 0, 0, 0, 0, 0, 0),
(1452, 'Multiple Choice Single Answer', '', '', 0, 0, 0, 0, 0, 0),
(1453, 'Multiple Choice Single Answer', '', '', 0, 0, 0, 0, 0, 0),
(1454, 'Multiple Choice Single Answer', '', '', 0, 0, 0, 0, 0, 0),
(1455, 'Multiple Choice Single Answer', '', '', 0, 0, 0, 0, 0, 0),
(1456, 'Multiple Choice Single Answer', '', '', 0, 0, 0, 0, 0, 0),
(1457, 'Multiple Choice Single Answer', '', '', 0, 0, 0, 0, 0, 0),
(1458, 'Multiple Choice Single Answer', '', '', 0, 0, 0, 0, 0, 0),
(1459, 'Multiple Choice Single Answer', '', '', 0, 0, 0, 0, 0, 0),
(1460, 'Multiple Choice Single Answer', '', '', 0, 0, 0, 0, 0, 0),
(1461, 'Multiple Choice Single Answer', '', '', 0, 0, 0, 0, 0, 0),
(1462, 'Multiple Choice Single Answer', '', '', 0, 0, 0, 0, 0, 0),
(1463, 'Multiple Choice Single Answer', '', '', 0, 0, 0, 0, 0, 0),
(1464, 'Multiple Choice Single Answer', '', '', 0, 0, 0, 0, 0, 0),
(1465, 'Multiple Choice Single Answer', '', '', 0, 0, 0, 0, 0, 0),
(1466, 'Multiple Choice Single Answer', '', '', 0, 0, 0, 0, 0, 0),
(1467, 'Multiple Choice Single Answer', '', '', 0, 0, 0, 0, 0, 0),
(1468, 'Multiple Choice Single Answer', '', '', 0, 0, 0, 0, 0, 0),
(1469, 'Multiple Choice Single Answer', '', '', 0, 0, 0, 0, 0, 0),
(1470, 'Multiple Choice Single Answer', '', '', 0, 0, 0, 0, 0, 0),
(1471, 'Multiple Choice Single Answer', '', '', 0, 0, 0, 0, 0, 0),
(1472, 'Multiple Choice Single Answer', '', '', 0, 0, 0, 0, 0, 0),
(1473, 'Multiple Choice Single Answer', '', '', 0, 0, 0, 0, 0, 0),
(1474, 'Multiple Choice Single Answer', '', '', 0, 0, 0, 0, 0, 0),
(1475, 'Multiple Choice Single Answer', '', '', 0, 0, 0, 0, 0, 0),
(1476, 'Multiple Choice Single Answer', '', '', 0, 0, 0, 0, 0, 0),
(1477, 'Multiple Choice Single Answer', '', '', 0, 0, 0, 0, 0, 0),
(1478, 'Multiple Choice Single Answer', '', '', 0, 0, 0, 0, 0, 0),
(1479, 'Multiple Choice Single Answer', '', '', 0, 0, 0, 0, 0, 0),
(1480, 'Multiple Choice Single Answer', '', '', 0, 0, 0, 0, 0, 0),
(1481, 'Multiple Choice Single Answer', '', '', 0, 0, 0, 0, 0, 0),
(1482, 'Multiple Choice Single Answer', '', '', 0, 0, 0, 0, 0, 0),
(1483, 'Multiple Choice Single Answer', '', '', 0, 0, 0, 0, 0, 0),
(1484, 'Multiple Choice Single Answer', '', '', 0, 0, 0, 0, 0, 0),
(1485, 'Multiple Choice Single Answer', '', '', 0, 0, 0, 0, 0, 0),
(1486, 'Multiple Choice Single Answer', '', '', 0, 0, 0, 0, 0, 0),
(1487, 'Multiple Choice Single Answer', '', '', 0, 0, 0, 0, 0, 0),
(1488, 'Multiple Choice Single Answer', '', '', 0, 0, 0, 0, 0, 0),
(1489, 'Multiple Choice Single Answer', '', '', 0, 0, 0, 0, 0, 0),
(1490, 'Multiple Choice Single Answer', '', '', 0, 0, 0, 0, 0, 0),
(1491, 'Multiple Choice Single Answer', '', '', 0, 0, 0, 0, 0, 0),
(1492, 'Multiple Choice Single Answer', '', '', 0, 0, 0, 0, 0, 0),
(1493, 'Multiple Choice Single Answer', '', '', 0, 0, 0, 0, 0, 0),
(1494, 'Multiple Choice Single Answer', '', '', 0, 0, 0, 0, 0, 0),
(1495, 'Multiple Choice Single Answer', '', '', 0, 0, 0, 0, 0, 0),
(1496, 'Multiple Choice Single Answer', '', '', 0, 0, 0, 0, 0, 0),
(1497, 'Multiple Choice Single Answer', '', '', 0, 0, 0, 0, 0, 0),
(1498, 'Multiple Choice Single Answer', '', '', 0, 0, 0, 0, 0, 0),
(1499, 'Multiple Choice Single Answer', '', '', 0, 0, 0, 0, 0, 0),
(1500, 'Multiple Choice Single Answer', '', '', 0, 0, 0, 0, 0, 0),
(1501, 'Multiple Choice Single Answer', '', '', 0, 0, 0, 0, 0, 0),
(1502, 'Multiple Choice Single Answer', '', '', 0, 0, 0, 0, 0, 0),
(1503, 'Multiple Choice Single Answer', '', '', 0, 0, 0, 0, 0, 0),
(1504, 'Multiple Choice Single Answer', '', '', 0, 0, 0, 0, 0, 0),
(1505, 'Multiple Choice Single Answer', '', '', 0, 0, 0, 0, 0, 0),
(1506, 'Multiple Choice Single Answer', '', '', 0, 0, 0, 0, 0, 0),
(1507, 'Multiple Choice Single Answer', '', '', 0, 0, 0, 0, 0, 0),
(1508, 'Multiple Choice Single Answer', '', '', 0, 0, 0, 0, 0, 0),
(1509, 'Multiple Choice Single Answer', '', '', 0, 0, 0, 0, 0, 0),
(1510, 'Multiple Choice Single Answer', '', '', 0, 0, 0, 0, 0, 0),
(1511, 'Multiple Choice Single Answer', '', '', 0, 0, 0, 0, 0, 0),
(1512, 'Multiple Choice Single Answer', '', '', 0, 0, 0, 0, 0, 0),
(1513, 'Multiple Choice Single Answer', '', '', 0, 0, 0, 0, 0, 0),
(1514, 'Multiple Choice Single Answer', '', '', 0, 0, 0, 0, 0, 0),
(1515, 'Multiple Choice Single Answer', '', '', 0, 0, 0, 0, 0, 0),
(1516, 'Multiple Choice Single Answer', '', '', 0, 0, 0, 0, 0, 0),
(1517, 'Multiple Choice Single Answer', '', '', 0, 0, 0, 0, 0, 0),
(1518, 'Multiple Choice Single Answer', '', '', 0, 0, 0, 0, 0, 0),
(1519, 'Multiple Choice Single Answer', '', '', 0, 0, 0, 0, 0, 0),
(1520, 'Multiple Choice Single Answer', '', '', 0, 0, 0, 0, 0, 0),
(1521, 'Multiple Choice Single Answer', '', '', 0, 0, 0, 0, 0, 0),
(1522, 'Multiple Choice Single Answer', '', '', 0, 0, 0, 0, 0, 0),
(1523, 'Multiple Choice Single Answer', '', '', 0, 0, 0, 0, 0, 0),
(1524, 'Multiple Choice Single Answer', '', '', 0, 0, 0, 0, 0, 0),
(1525, 'Multiple Choice Single Answer', '', '', 0, 0, 0, 0, 0, 0),
(1526, 'Multiple Choice Single Answer', '', '', 0, 0, 0, 0, 0, 0),
(1527, 'Multiple Choice Single Answer', '', '', 0, 0, 0, 0, 0, 0),
(1528, 'Multiple Choice Single Answer', '', '', 0, 0, 0, 0, 0, 0),
(1529, 'Multiple Choice Single Answer', '', '', 0, 0, 0, 0, 0, 0),
(1530, 'Multiple Choice Single Answer', '', '', 0, 0, 0, 0, 0, 0),
(1531, 'Multiple Choice Single Answer', '', '', 0, 0, 0, 0, 0, 0),
(1532, 'Multiple Choice Single Answer', '', '', 0, 0, 0, 0, 0, 0),
(1533, 'Multiple Choice Single Answer', '', '', 0, 0, 0, 0, 0, 0),
(1534, 'Multiple Choice Single Answer', '', '', 0, 0, 0, 0, 0, 0),
(1535, 'Multiple Choice Single Answer', '', '', 0, 0, 0, 0, 0, 0);
INSERT INTO `cste_qbank` (`qid`, `question_type`, `question`, `description`, `cid`, `lid`, `no_time_served`, `no_time_corrected`, `no_time_incorrected`, `no_time_unattempted`) VALUES
(1536, 'Multiple Choice Single Answer', '', '', 0, 0, 0, 0, 0, 0),
(1537, 'Multiple Choice Single Answer', '', '', 0, 0, 0, 0, 0, 0),
(1538, 'Multiple Choice Single Answer', '', '', 0, 0, 0, 0, 0, 0),
(1539, 'Multiple Choice Single Answer', '', '', 0, 0, 0, 0, 0, 0),
(1540, 'Multiple Choice Single Answer', '', '', 0, 0, 0, 0, 0, 0),
(1541, 'Multiple Choice Single Answer', '', '', 0, 0, 0, 0, 0, 0),
(1542, 'Multiple Choice Single Answer', '', '', 0, 0, 0, 0, 0, 0),
(1543, 'Multiple Choice Single Answer', '', '', 0, 0, 0, 0, 0, 0),
(1544, 'Multiple Choice Single Answer', '', '', 0, 0, 0, 0, 0, 0),
(1545, 'Multiple Choice Single Answer', '', '', 0, 0, 0, 0, 0, 0),
(1546, 'Multiple Choice Single Answer', '', '', 0, 0, 0, 0, 0, 0),
(1547, 'Multiple Choice Single Answer', '', '', 0, 0, 0, 0, 0, 0),
(1548, 'Multiple Choice Single Answer', '', '', 0, 0, 0, 0, 0, 0),
(1549, 'Multiple Choice Single Answer', '', '', 0, 0, 0, 0, 0, 0),
(1550, 'Multiple Choice Single Answer', '', '', 0, 0, 0, 0, 0, 0),
(1551, 'Multiple Choice Single Answer', '', '', 0, 0, 0, 0, 0, 0),
(1552, 'Multiple Choice Single Answer', '', '', 0, 0, 0, 0, 0, 0),
(1553, 'Multiple Choice Single Answer', '', '', 0, 0, 0, 0, 0, 0),
(1554, 'Multiple Choice Single Answer', '', '', 0, 0, 0, 0, 0, 0),
(1555, 'Multiple Choice Single Answer', '', '', 0, 0, 0, 0, 0, 0),
(1556, 'Multiple Choice Single Answer', '', '', 0, 0, 0, 0, 0, 0),
(1557, 'Multiple Choice Single Answer', '', '', 0, 0, 0, 0, 0, 0),
(1558, 'Multiple Choice Single Answer', '', '', 0, 0, 0, 0, 0, 0),
(1559, 'Multiple Choice Single Answer', '', '', 0, 0, 0, 0, 0, 0),
(1560, 'Multiple Choice Single Answer', '', '', 0, 0, 0, 0, 0, 0),
(1561, 'Multiple Choice Single Answer', '', '', 0, 0, 0, 0, 0, 0),
(1562, 'Multiple Choice Single Answer', '', '', 0, 0, 0, 0, 0, 0),
(1563, 'Multiple Choice Single Answer', '', '', 0, 0, 0, 0, 0, 0),
(1564, 'Multiple Choice Single Answer', '', '', 0, 0, 0, 0, 0, 0),
(1565, 'Multiple Choice Single Answer', '', '', 0, 0, 0, 0, 0, 0),
(1566, 'Multiple Choice Single Answer', '', '', 0, 0, 0, 0, 0, 0),
(1567, 'Multiple Choice Single Answer', '', '', 0, 0, 0, 0, 0, 0),
(1568, 'Multiple Choice Single Answer', '', '', 0, 0, 0, 0, 0, 0),
(1569, 'Multiple Choice Single Answer', '', '', 0, 0, 0, 0, 0, 0),
(1570, 'Multiple Choice Single Answer', '', '', 0, 0, 0, 0, 0, 0),
(1571, 'Multiple Choice Single Answer', '', '', 0, 0, 0, 0, 0, 0),
(1572, 'Multiple Choice Single Answer', '', '', 0, 0, 0, 0, 0, 0),
(1573, 'Multiple Choice Single Answer', '', '', 0, 0, 0, 0, 0, 0),
(1574, 'Multiple Choice Single Answer', '', '', 0, 0, 0, 0, 0, 0),
(1575, 'Multiple Choice Single Answer', '', '', 0, 0, 0, 0, 0, 0),
(1576, 'Multiple Choice Single Answer', '', '', 0, 0, 0, 0, 0, 0),
(1577, 'Multiple Choice Single Answer', '', '', 0, 0, 0, 0, 0, 0),
(1578, 'Multiple Choice Single Answer', 'What is Input Device?', 'device', 5, 1, 14, 5, 2, 7),
(1579, 'Multiple Choice Single Answer', 'বাংলাদেশের রাজধানী?', 'ঢাকা', 1, 1, 9, 2, 4, 3),
(1580, 'Multiple Choice Single Answer', 'আয়তনে বাংলাদেশের ছোট জেলা কোনটি?', '', 1, 1, 1, 1, 0, 0),
(1581, 'Multiple Choice Single Answer', 'কোন জেলা কে বাংলাদেশের শস্য ভান্ডার বলা হয়?', '', 1, 1, 1, 0, 0, 1),
(1582, 'Multiple Choice Single Answer', ' সিলেট জেলার পূর্ব নাম কি?', '', 1, 1, 1, 0, 0, 1),
(1583, 'Multiple Choice Single Answer', '''আকাশ কুসুম'' বাগধারার অর্থ হলো', '', 1, 1, 1, 0, 0, 1),
(1584, 'Multiple Choice Single Answer', 'রামাল্লা কোথায় অবস্থিত?', '', 1, 1, 1, 0, 0, 1),
(1585, 'Multiple Choice Single Answer', ' WWW stands for ?\r\n', '', 5, 1, 5, 2, 0, 3),
(1586, 'Multiple Choice Single Answer', 'Which of the following are components of Central Processing Unit (CPU) ?\r\n\r\n', '', 5, 1, 5, 2, 0, 3),
(1587, 'Multiple Choice Single Answer', ' If a computer provides database services to other, then it will be known as ?\r\n\r\n   \r\n    \r\n   \r\n   \r\n', '', 5, 1, 5, 2, 0, 3),
(1588, 'Multiple Choice Single Answer', 'Full form of URL is ?\r\n\r\n  \r\n   \r\n    \r\n    \r\n', '', 5, 1, 5, 1, 0, 4),
(1589, 'Multiple Choice Single Answer', 'Which level language is Assembly Language ?\r\n\r\n    \r\n    ', '', 5, 1, 5, 0, 0, 5),
(1590, 'Multiple Choice Single Answer', 'What is full form of ALU ?\r\n\r\n    \r\n   \r\n    \r\n', '', 5, 1, 5, 1, 0, 4),
(1591, 'Multiple Choice Single Answer', 'Who was the Founder of Bluetooth ?\r\n\r\n    \r\n   \r\n   \r\n', '', 5, 1, 5, 1, 0, 4),
(1592, 'Multiple Choice Single Answer', ' Who was the father of Internet ?\r\n\r\n  \r\n    \r\n', '', 5, 1, 5, 1, 0, 4),
(1593, 'Multiple Choice Single Answer', ' Verification is process of ?\r\n\r\n   ', '', 5, 1, 5, 1, 0, 4),
(1594, 'Match the Column', 'LINUX', '\r\n\r\n', 5, 1, 4, 0, 2, 2),
(1595, 'Short Answer', 'LINUX is?', '', 5, 1, 2, 1, 0, 1);

-- --------------------------------------------------------

--
-- Table structure for table `cste_qcl`
--

CREATE TABLE IF NOT EXISTS `cste_qcl` (
  `qcl_id` int(11) NOT NULL AUTO_INCREMENT,
  `quid` int(11) NOT NULL,
  `cid` int(11) NOT NULL,
  `lid` int(11) NOT NULL,
  `noq` int(11) NOT NULL,
  PRIMARY KEY (`qcl_id`)
) ENGINE=InnoDB  DEFAULT CHARSET=utf8 AUTO_INCREMENT=74 ;

--
-- Dumping data for table `cste_qcl`
--

INSERT INTO `cste_qcl` (`qcl_id`, `quid`, `cid`, `lid`, `noq`) VALUES
(71, 2, 1, 1, 3),
(72, 2, 0, 1, 1),
(73, 2, 2, 1, 1);

-- --------------------------------------------------------

--
-- Table structure for table `cste_quiz`
--

CREATE TABLE IF NOT EXISTS `cste_quiz` (
  `quid` int(11) NOT NULL AUTO_INCREMENT,
  `quiz_name` varchar(1000) NOT NULL,
  `description` text NOT NULL,
  `start_date` int(11) NOT NULL,
  `end_date` int(11) NOT NULL,
  `gids` text NOT NULL,
  `qids` text NOT NULL,
  `noq` int(11) NOT NULL,
  `correct_score` float NOT NULL,
  `incorrect_score` float NOT NULL,
  `ip_address` text NOT NULL,
  `duration` int(11) NOT NULL DEFAULT '10',
  `maximum_attempts` int(11) NOT NULL DEFAULT '1',
  `pass_percentage` float NOT NULL DEFAULT '50',
  `view_answer` int(11) NOT NULL DEFAULT '1',
  `camera_req` int(11) NOT NULL DEFAULT '1',
  `question_selection` int(11) NOT NULL DEFAULT '1',
  `gen_certificate` int(11) NOT NULL DEFAULT '0',
  `certificate_text` text,
  `with_login` int(11) NOT NULL DEFAULT '1',
  PRIMARY KEY (`quid`)
) ENGINE=InnoDB  DEFAULT CHARSET=utf8 AUTO_INCREMENT=9 ;

--
-- Dumping data for table `cste_quiz`
--

INSERT INTO `cste_quiz` (`quid`, `quiz_name`, `description`, `start_date`, `end_date`, `gids`, `qids`, `noq`, `correct_score`, `incorrect_score`, `ip_address`, `duration`, `maximum_attempts`, `pass_percentage`, `view_answer`, `camera_req`, `question_selection`, `gen_certificate`, `certificate_text`, `with_login`) VALUES
(4, 'c language', 'NN', 1493713187, 1525249187, '10,8,7,1', '3,15,1578', 3, 1, 0, '', 10, 10, 50, 1, 0, 0, 0, 'Congratz', 0),
(5, 'বাংলা', '', 1493732000, 1525268000, '10,8,7,1', '1578,1579', 2, 1, 0, '', 10, 10, 50, 1, 0, 0, 0, 'পাস', 0),
(7, 'Information Technology', '', 1500050364, 1531586364, '14,13,12', '1595,1594,1585,1586,1587,1588,1589,1590,1591,1592,1593', 11, 1, 0, '', 10, 10, 50, 1, 0, 0, 1, 'Congratz', 0),
(8, 'General Knowledge', '', 1500050699, 1531586699, '14,13,12,11', '1580,1581,1582,1583,1584', 5, 1, 0, '', 10, 10, 50, 1, 0, 0, 1, 'Congratz', 1);

-- --------------------------------------------------------

--
-- Table structure for table `cste_result`
--

CREATE TABLE IF NOT EXISTS `cste_result` (
  `rid` int(11) NOT NULL AUTO_INCREMENT,
  `quid` int(11) NOT NULL,
  `uid` int(11) NOT NULL,
  `result_status` varchar(100) NOT NULL DEFAULT 'Open',
  `start_time` int(11) NOT NULL,
  `end_time` int(11) NOT NULL,
  `categories` text NOT NULL,
  `category_range` text NOT NULL,
  `r_qids` text NOT NULL,
  `individual_time` text NOT NULL,
  `total_time` int(11) NOT NULL DEFAULT '0',
  `score_obtained` float NOT NULL DEFAULT '0',
  `percentage_obtained` float NOT NULL DEFAULT '0',
  `attempted_ip` varchar(100) NOT NULL,
  `score_individual` text NOT NULL,
  `photo` varchar(100) NOT NULL,
  `manual_valuation` int(11) NOT NULL DEFAULT '0',
  PRIMARY KEY (`rid`)
) ENGINE=InnoDB  DEFAULT CHARSET=utf8 AUTO_INCREMENT=26 ;

--
-- Dumping data for table `cste_result`
--

INSERT INTO `cste_result` (`rid`, `quid`, `uid`, `result_status`, `start_time`, `end_time`, `categories`, `category_range`, `r_qids`, `individual_time`, `total_time`, `score_obtained`, `percentage_obtained`, `attempted_ip`, `score_individual`, `photo`, `manual_valuation`) VALUES
(1, 1, 1, 'Pass', 1461499745, 1461499785, 'India,Math,General knowledge', '4,4,4', '1,3,6,7', '0,20,12,0', 32, 4, 100, '::1', '1,1,1,1', '1461499745.jpg', 0),
(2, 2, 1, 'Pass', 1461499790, 1461499836, 'General knowledge,India,Math', '3,1,1', '7,8,6,1,3', '0,23,10,3,8', 44, 3, 60, '::1', '2,1,1,1,2', '', 0),
(3, 1, 1, 'Pass', 1461500254, 1461500804, 'India,Math,General knowledge', '4,4,4', '1,3,6,7', '103,213,138,38', 492, 2, 50, '::1', '1,1,0,0', '1461500254.jpg', 0),
(4, 2, 15, 'Pending', 1493703071, 1493714460, 'General knowledge,Math', '3,1', '8,7,6,3', '0,0,0,0', 0, 0, 0, '::1', '3,0,0,2', '', 1),
(5, 4, 14, 'Fail', 1493713639, 1493713658, 'Math,General knowledge,IT', '1,1,1', '3,15,1578', '0,9,5', 14, 1, 33.3333, '::1', '2,0,1', '', 0),
(6, 2, 15, 'Open', 1493714473, 0, 'General knowledge,Math', '3,1', '6,7,8,3', '0,0,0,0', 0, 0, 0, '::1', '0,0,0,0', '', 0),
(7, 4, 14, 'Fail', 1493715326, 1493715343, 'Math,General knowledge,IT', '1,1,1', '3,15,1578', '0,7,5', 12, 0, 0, '::1', '2,0,0', '', 0),
(8, 4, 14, 'Fail', 1493715476, 1493715492, 'Math,General knowledge,IT', '1,1,1', '3,15,1578', '0,6,5', 11, 0, 0, '::1', '2,0,0', '', 0),
(9, 4, 14, 'Fail', 1493730983, 1493731001, 'Math,General knowledge,IT', '1,1,1', '3,15,1578', '0,10,3', 13, 0, 0, '::1', '2,0,0', '', 0),
(10, 5, 14, 'Pass', 1493732126, 1493732148, 'IT,General knowledge', '1,1', '1578,1579', '0,16', 16, 1, 50, '::1', '1,2', '', 0),
(11, 5, 16, 'Pass', 1493732199, 1493732212, 'IT,General knowledge', '1,1', '1578,1579', '0,8', 8, 1, 50, '::1', '2,1', '', 0),
(12, 5, 16, 'Pass', 1493732322, 1493732335, 'IT,General knowledge', '1,1', '1578,1579', '0,8', 8, 2, 100, '::1', '1,1', '', 0),
(13, 4, 16, 'Fail', 1493732431, 1493732444, 'Math,General knowledge,IT', '1,1,1', '3,15,1578', '8,0,0', 8, 0, 0, '::1', '2,0,0', '', 0),
(14, 5, 16, 'Fail', 1493732559, 1493732574, 'IT,General knowledge', '1,1', '1578,1579', '0,9', 9, 0, 0, '::1', '2,2', '', 0),
(15, 5, 14, 'Pass', 1499926894, 1499926925, 'IT,General knowledge', '1,1', '1578,1579', '0,30', 30, 1, 50, '::1', '1,2', '', 0),
(16, 5, 14, 'Pass', 1499953990, 1499954008, 'IT,General knowledge', '1,1', '1578,1579', '0,12', 12, 1, 50, '::1', '1,2', '', 0),
(17, 6, 17, 'Fail', 1499958924, 1499958935, 'IT,General knowledge', '1,1', '1578,1579', '0,0', 0, 0, 0, '::1', '0,0', '', 0),
(18, 6, 18, 'Fail', 1499959499, 1499959508, 'IT,General knowledge', '1,1', '1578,1579', '4,0', 4, 0, 0, '::1', '0,0', '', 0),
(19, 6, 25, 'Fail', 1500044268, 1500044278, 'IT,General knowledge', '1,1', '1578,1579', '0,5', 5, 0, 0, '::1', '0,0', '', 0),
(20, 7, 26, 'Pass', 1500050526, 1500050594, 'IT', '9', '1585,1586,1587,1588,1589,1590,1591,1592,1593', '0,23,5,6,4,6,7,3,6', 60, 8, 88.8889, '::1', '1,1,1,1,0,1,1,1,1', '', 0),
(21, 8, 26, 'Fail', 1500050818, 1500050836, 'General knowledge', '5', '1580,1581,1582,1583,1584', '0,10,1,0,3', 14, 1, 20, '::1', '1,0,0,0,0', '', 0),
(22, 7, 26, 'Fail', 1500052954, 1500052988, 'IT', '10', '1594,1585,1586,1587,1588,1589,1590,1591,1592,1593', '30,0,0,0,0,0,0,0,0,0', 30, 0, 0, '::1', '2,0,0,0,0,0,0,0,0,0', '', 0),
(23, 7, 26, 'Fail', 1500053029, 1500053073, 'IT', '10', '1594,1585,1586,1587,1588,1589,1590,1591,1592,1593', '30,0,0,0,0,0,0,0,0,0', 30, 0, 0, '::1', '2,0,0,0,0,0,0,0,0,0', '', 0),
(24, 7, 25, 'Fail', 1500053372, 1500053398, 'IT', '11', '1595,1594,1585,1586,1587,1588,1589,1590,1591,1592,1593', '20,0,0,0,0,0,0,0,0,0,0', 20, 1, 9.09091, '::1', '1,0,0,0,0,0,0,0,0,0,0', '', 0),
(25, 7, 25, 'Fail', 1500089211, 1500089282, 'IT', '11', '1595,1594,1585,1586,1587,1588,1589,1590,1591,1592,1593', '0,12,9,11,25,1,0,1,1,0,6', 66, 3, 27.2727, '::1', '0,0,1,1,1,0,0,0,0,0,0', '', 0);

-- --------------------------------------------------------

--
-- Table structure for table `cste_users`
--

CREATE TABLE IF NOT EXISTS `cste_users` (
  `uid` int(11) NOT NULL AUTO_INCREMENT,
  `password` varchar(1000) NOT NULL,
  `email` varchar(100) NOT NULL,
  `first_name` varchar(100) NOT NULL,
  `last_name` varchar(100) NOT NULL,
  `contact_no` varchar(1000) NOT NULL,
  `gid` int(11) NOT NULL DEFAULT '1',
  `su` int(11) NOT NULL DEFAULT '0',
  `subscription_expired` int(11) NOT NULL DEFAULT '0',
  `verify_code` int(11) NOT NULL DEFAULT '0',
  PRIMARY KEY (`uid`)
) ENGINE=InnoDB  DEFAULT CHARSET=utf8 AUTO_INCREMENT=27 ;

--
-- Dumping data for table `cste_users`
--

INSERT INTO `cste_users` (`uid`, `password`, `email`, `first_name`, `last_name`, `contact_no`, `gid`, `su`, `subscription_expired`, `verify_code`) VALUES
(1, '21232f297a57a5a743894a0e4a801fc3', 'admin@example.com', 'Admin', 'Admin', '1234567890', 1, 1, 1776290400, 0),
(5, '202cb962ac59075b964b07152d234b70', 'user@example.com', 'User', 'User', '1234567890', 1, 0, 1776882600, 0),
(8, '827ccb0eea8a706c4c34a16891f84e7b', 'final@gmail.com', 'anwar', 'muhammad', '+8801818845894', 5, 3, 1495648800, 0),
(9, '827ccb0eea8a706c4c34a16891f84e7b', 'mod@example.com', 'anwar', 'muhammad', '+8801818845894', 5, 3, 1493575200, 0),
(11, '827ccb0eea8a706c4c34a16891f84e7b', 'delete@gmail.com', 'anwar', 'muhammad', '+8801818845894', 6, 4, 1493834400, 0),
(14, '827ccb0eea8a706c4c34a16891f84e7b', 'anwar@admin.com', 'Muhammad', 'ANWAR', '+8801818845894', 12, 0, 1500487200, 0),
(15, '827ccb0eea8a706c4c34a16891f84e7b', 'sarad@gmail.com', 'Sarad', 'Mohajan', '+8801818845894', 1, 4, 1495044000, 0),
(16, '53576f944e85e994ced1bfa8093555f2', '1493732199', 'Guest User', '1493732199', '', 1, 0, 0, 0),
(17, '827ccb0eea8a706c4c34a16891f84e7b', 'mn@gmail.com', 'M', 'N', '+8801818845894', 7, 1, 1499882400, 0),
(18, '827ccb0eea8a706c4c34a16891f84e7b', 'ba@gmail.com', 'B', 'A', '+8801818845894', 11, 0, 1498413600, 0),
(19, '21232f297a57a5a743894a0e4a801fc3', 'admin@anwar.com', 'Billal ', 'Hossen', '+8801818845894', 11, 1, 1500660000, 0),
(20, '827ccb0eea8a706c4c34a16891f84e7b', 'mdbillal@gmail.com', 'Mohammad', 'Billal', '+8801818845894', 11, 3, 1500660000, 0),
(21, '827ccb0eea8a706c4c34a16891f84e7b', 'myname@gmail.com', 'my', 'name', '+8801818845894', 11, 1, 1500055200, 0),
(22, '827ccb0eea8a706c4c34a16891f84e7b', 'kobir@gmail.com', 'Humayun', 'Kobir', '+8801818845894', 11, 1, 1501264800, 0),
(23, '827ccb0eea8a706c4c34a16891f84e7b', 'asad@gmail.com', 'Asad', 'Un Nobi', '+8801818845894', 13, 1, 1501264800, 0),
(24, '827ccb0eea8a706c4c34a16891f84e7b', 'javed@gmail.com', 'Javed', 'Hossen', '+8801818845894', 13, 1, 1501264800, 0),
(25, '827ccb0eea8a706c4c34a16891f84e7b', 'ovijit@gmail.com', 'Ovijit', 'Chy', '+8801818845894', 12, 1, 1501264800, 0),
(26, '827ccb0eea8a706c4c34a16891f84e7b', 'student@gmail.com', 'Muhammad', 'Anwar', '+8801818845894', 13, 0, 1501264800, 0);

/*!40101 SET CHARACTER_SET_CLIENT=@OLD_CHARACTER_SET_CLIENT */;
/*!40101 SET CHARACTER_SET_RESULTS=@OLD_CHARACTER_SET_RESULTS */;
/*!40101 SET COLLATION_CONNECTION=@OLD_COLLATION_CONNECTION */;
